"","klasifikasi","x"
"450","Netral","dibalerame dibatalin vaksinasi stadion jalak harupat vaksin sinovac"
"346","Positif","bhabinkamtibmas kalurahan maguwoharjo sambang pantau laksana vaksin tahap i sinovac warga padukuhan"
"336","Negatif","vaksin udah h ngantuk mulu pegal badan efek gin"
"1271","Negatif","butuh booster a suntik vaksin coba kelinci kitakita"
"859","Positif","ajar cilacap suntik vaksin covid dosis ama jenis sinovac meninj"
"174","Netral","ponakan mumpung dibolehin vaksin pilih pfizer instead of moderna pas boleh moderna takut takut sa"
"1477","Netral","pmi kabupaten klaten gelar vaksin covid jenis vaksin sinovac gratis laksana balai de"
"1093","Netral","vaksin sinovac"
"546","Positif","bapa bimbang vaksin sinovac selamat kanakkanak remaja"
"1160","Negatif","ko seremm vaksin sinovac"
"91","Netral","laksana vaksinasi keliling tahap tahap keltanjung marulak hilir kecrambutan vaksin sinovac ut"
"82","Netral","vaksin sinovac daftar orang registrasi orang vaksin"
"381","Positif","tidak vaksin k pas reddays vaksin sinovacefeknya ngantuk laper"
"978","Positif","australia buka batas traveler vaksin sinovac boleh masuk sa"
"121","Netral","terusi analisis aefi juta vaksin profil lama"
"1318","Netral","koramil tng mngdkan vaksinasi dosis jenis sinovac hlm lurah cimone jaya rangka"
"620","Negatif","mjb bantu who belum aku vaksin tsb vaksin tsb cu"
"618","Netral","teman informasi vaksin sinovac daerah tangerang dosis belum nemu"
"1242","Positif","alhamdulillah lepas cucuk vaksin sinovac cari self reward"
"432","Netral","jenis vaksin vaksin sinovac astrazeneca pfizer moderna nb i cant mentioned all of types but this is terminal"
"269","Positif","stok vaksin stok sisa dosis vaksin sinovac sinopharm wak"
"1176","Netral","juru bicara vaksinasi covid siti nadia tarmizi tanggap isu turun efikasi vaksin sinovac pasca sun"
"313","Netral","asem nek ono informasi vaksin sinovac dosis tidak ribet kabar yak"
"72","Netral","vaksin ama astrazeneca pas vaksin lupa pas suster sinovac iya"
"127","Netral","goh bak na taman sin far ipoh bawa ppv hospital pakar komuniti ipoh selamat terima suntik dosis a"
"890","Positif","vaksin sinovac tidak efek konsul dokter kalaulg tidak kambuh kondisi sehat tidak vaksin"
"1451","Netral","halo depok citayem raya informasi vaksin sinovac banget citayam center lgsg cus"
"1198","Positif","mesyuarat kuasa kawal dadah kelulus syarat guna vaksin keluar sinovac remaja be"
"509","Positif","serius sinovac efek ringan pkm cobak ngadain vak"
"103","Netral","kalauvaksin ama sinovac vaksin sinovac kah"
"542","Negatif","bahan utama vaksin sinovac dna babi serum bayi belum lahir hidup d"
"236","Negatif","jangan ngaku kuat yen vaksin mu iseh sinovac"
"421","Netral","belum vaksinasi silah rsud kanjuruhan kabupaten malang program vaksinasi covid jenis vaksin sin"
"633","Netral","halo barangkali admin followersnya informasi vaksin dosis sinovac uin malang tunda"
"1058","Negatif","sinovac suruh vaksin dokter nya"
"583","Netral","ayo massal jenis vaksin sinovac"
"666","Negatif","tante udah tidak vaksin kesel banget udah gapapa mumpung sinovac pakai alesan bany"
"32","Positif","kabar vaksin sinovac vaksin sinovac dosis bukti hasil antibodi menetralisir varian"
"84","Positif","terusi analisis aefi juta vaksin profil selamat ba"
"404","Netral","vaksin moderna tidak pilih sinovac pfizer astrazeneca booster vaksin covid a"
"960","Negatif","rasah kakean cangkem asline ki ultramen bar vaksin sinovac kuat ku ilang"
"1284","Netral","uaf teman mana vaksin sinovac"
"1165","Netral","juru bicara vaksinasi covid siti nadia tarmizi tanggap isu turun efikasi vaksin sinovac pasca"
"973","Negatif","iki asline power ranger pinkgra vaksin sinovac kuat q ilang"
"624","Negatif","mjb iya rencana jepang lanjur vaksin sinovac bing"
"1371","Netral","vaksin sinovac dosis kaltim pos mall lembuswana link kalauada share"
"165","Netral","belum vaksin rek vaksin dosis vaksin dosis sinovac umur atas"
"764","Positif","vaksin sinovac telah positif covid sembuh"
"1072","Netral","gapapa jarak vaksin at least sinovac jarak"
"751","Positif","dosis vaksin sinovac vaksinasi tahap i i ajar mukomuko besok"
"795","Netral","solidaritas vaksin psi kota depok vaksin sinovac dosis syarat warga indonesia bawa foto"
"852","Negatif","vaksin sinovac aman aman ajaa badan vaksin moderna astagaaaaa tidak deh ampun bgtt sakitnyaaa"
"219","Negatif","wkwkw vaksin sinovac"
"1128","Positif","efek vaksin sinovac rasa ngantukan ttapi k ngantukan in"
"133","Positif","total vaksin indonesia baik bentuk bulk bahan baku bentuk"
"723","Positif","gantung vaksin nder sinovac vaksin tidak efek"
"914","Netral","mohon tunggu balas whatsapp panitia kait kak in"
"85","Positif","vaksin covid izin guna darurat who pfizerbiontech astrazeneca jampj moderna sinov"
"951","Positif","asma vaksin pakai sinovac sihh kali"
"570","Netral","naahhh mksdnya iya dok bahan"
"216","Netral","vaksin sinovac astrazeneca"
"1037","Positif","vaksin kali kena c word gejala ringan untung pas pakai vaksin sinovac gampang l"
"416","Negatif","belum vaksin covid sedia indonesia anak jubir vaksinasi covi"
"936","Negatif","wuahahaahah ama vaksin moderna wkwkwkwk kirain sinovac"
"88","Netral","nyata akhbar menteri kesihatan malaysia kuasa kawal dadah pbkd bermesyuarat"
"201","Netral","dips vaksin dosis coronavacsinovac disemarang semarang tidak lihat web victori mar"
"692","Positif","alhamdulillah busui udah lengkap dosis vaksin sinovac gin nda keran"
"184","Positif","besok juta hari rutin dapat sinovac tidak hati"
"796","Negatif","vaksin mung sinovac sok kemlinthi le"
"187","Negatif","paksa sinovac efikasinya emang rendah negara lindung rakyat aneh ka"
"253","Netral","vaksin sinovac panggil"
"527","Positif","gerai vaksin sinovac warga masyarakat lurah ciketing udik camat bantargebang kota bekas"
"1431","Netral","ciputra world jadwal sinovac"
"526","Positif","juta dosis vaksin remaja lingkung usia china pharmaniaga"
"842","Positif","malaysia lapor kelulus syarat vaksin covid keluar biotech ltd china guna"
"1164","Negatif","baik vaksin lengkap negara arab saudi terima vaksin sinovac"
"933","Netral","sdf informasi vaksin sinovac dosis rek gawe mene"
"1157","Netral","feeling engkuk masuk kabupaten s iki ng malang"
"1099","Netral","cah informasi vaksin sinovac dosis makasih"
"1302","Positif","ajar smp kabupaten pasuruan terima suntik vaksin sinovac"
"579","Netral","cek peduli lindung pke vaksin sinovac a"
"628","Negatif","efek vaksin sinovac laper tidak laper capek ngantuk doang"
"510","Negatif","tanyaaa vaksin astrazeneca seifikatnya sinovac"
"1228","Positif","menteri kesihatan malaysia kkm bersetuju kelulus syarat guna vaksin coronavac k"
"1404","Netral","ayo ayo belum vaksin vaksin pfizer dosis sinovac dosis tol jagorawi rest area pe"
"1407","Positif","wahh moga keluarga sehat keluarga alhamdulill"
"1366","Netral","via vaksin sinovac dosis kaltim pos mall lembuswana link kalauada share"
"42","Negatif","st panel pn kaji teknologi sptotnya pakai virus btol mrna comes from dna copy of vir"
"1218","Positif","adik adik jangan takut ambil vaksin kena gigit semut je"
"104","Netral","ayo vaksin astrazeneca dosis sinovac dosis biddokkes polda kepri kepri mall"
"595","Negatif","asik q gaib ngelurusin bukan neger nya but dipeanyakan"
"306","Netral","salah multiple allergies proceed nak vaksin pilih doktor na"
"134","Netral","vaksinasi dosis drive thru fk kmk ugm gelar sleman komando distrik militer sleman b"
"1025","Positif","vaksin sinovac gratis ampminggu vihara avalokiteswara kelbanten keckasemen kota serang"
"1095","Positif","adekku tim sinovac abis vaksin langsung nyuci piring jemur baju tidak asa"
"429","Netral","kerja vaksin sinovac"
"1324","Positif","hahahah bokap lucu banget en vaksin sinovac moderna katane nyg ash remaja ueueueu gemeshh"
"388","Netral","vaksin ama dosis jenis sinovac"
"1143","Netral","uda vaksin sinovac kali booster pakai moderna"
"1036","Positif","validasi sinovac who bukti vaksin aman ruji mutu vaksin indonesia ruji keamanann"
"1426","Netral","jog vaksin gratis bawa fc jenis sinovac"
"1022","Netral","informasi vaksin covid massal bogor polsek caringin pakai sinovac dosis masyarakat"
"61","Negatif","eh serius mikirin biaya sgmalaythai the most impoant thing mikir vaksinnnnn"
"1207","Positif","u budiw babinsa koramil kemiri damping suntik vaksin sinovac tenaga sehat"
"333","Negatif","abis vaksin pegal ngantuk doang sih malemnya ngomong ngomong sinovac dapetnya"
"1288","Netral","vaksin seling gaboleh kayak dosis sinovac dosis astrazeneca zeneca"
"1293","Negatif","anw vaksin ama pegal lebam cuy sinovac"
"1480","Positif","udah sih full vaksin sinovac"
"586","Netral","ins besok jadwal vaksinasi covid masyarakat jenis vaksin"
"532","Netral","reposted from vaksinasi covid dosis laksana keluarga gawai l"
"443","Negatif","rasah kakean cangkem asline ki ultramen bar vaksin sinovac kuat ilang"
"1434","Netral","polres madiun gelar serbu vaksinasi covid dosis vaksin sinovac sip masyarakat b"
"645","Netral","keluarga terima vaksin sinovac temanteman banyak astrazeneca dap"
"263","Positif","wamenkes datang vaksin janssen sinovac dukung cepat vaksinasi nasional"
"3","Netral","sd selesai serka joko waliman babinsa ds bendo koramil sukodono lakgiat pendampin"
"112","Netral","jenis vaksin sinovac astrazeneca moderna"
"497","Netral","bisa vaksin ama sinovac astrazeneca"
"896","Netral","vaksin sinopharm sinovac teh tidak lihat google beda inget pas vaksin nakes bilang sinovac"
"965","Netral","even lepas tamadun china kaedah virolasi hasil vaksin kaedah dorn"
"189","Negatif","hahaha salah judul mah pemerintah sediain sinovac tidak pakai sinovac"
"1017","Positif","mjb pacar asma slesai vaksin dosis pakai vaksin sinovac alhamdu"
"176","Netral","serbu vaksin sinovac dosis desa sumberejo mranggen tembus target vaksin"
"639","Negatif","asline powerrenjes mergo bar vaksin sinovac kuat ilang"
"514","Negatif","pahit manis ppv integrasi idcc shah alam beri vaksinasi samada vaksin astrazeneca sinov"
"828","Positif","piem mail negara tuju terima rakyat lengkap vaksin sinovac awak terminal"
"833","Netral","ayo hadir gerai vaksin tni polri laksana w"
"395","Positif","kapolsek jatibarang forkopimcam monitoring laksana vaksinasi dosis i mts assysyafiiyah"
"749","Netral","om vaksin sinovac mana"
"1023","Netral","guna vaksin sinovac golong remaja umur benar ketua arah kesihatan"
"403","Netral","staf lepas tarikh suntik dosis vaksin pfizer astrazaneca sino"
"17","Netral","vaksin sinovac balas tolong tangerang"
"183","Positif","pemerintah upaya sedia vaksin baik skema multilateral bilateral cukup"
"673","Negatif","ketua riset uji klinis sinovac bandung prof kusnandi ungkap efikasi vaksin sinovac kurang"
"1323","Negatif","vaksin sinovac positif masuk rumah sakit"
"563","Netral","giat vaksinasi tahap vaksin jenis pfizer puskesmas kedungwaringin bripka rifai lantas himbau warga"
"368","Positif","syukur keluarga vaksin sinovaccoronavac vaxzevria moderna moga paring sehat kabeh"
"1227","Netral","vaksin sinovac china indonesia vaksin sinopal"
"424","Negatif","charm vaksin sinovac rmupah lebar ring lebar berat tidak tidak tidak tidak tidak tidak tidak"
"1194","Netral","udah tetangga update vaksin sedia puskesmas dekat rumah sinovac"
"1127","Positif","vaksin ve sinovac aman"
"29","Netral","informasi vaksin sinovac dosis malang"
"43","Positif","lihat balas bilang sakit jujur tidak baik banget dri ama s"
"279","Netral","buka daftar vaksinasi rsia asyifa depok jenis vaksin sinovac link daftar"
"1013","Netral","laksana vaksinasi massal dosis dosis vaksin sinovac gerai vaksin presisi polres brebes masuk"
"451","Netral","gapapa vaksin sinovac"
"617","Netral","…"
"1269","Negatif","aing vaksin ci nya sinovac"
"746","Netral","barubaru malaysia ungkap hasil teliti efektivitas vaksin sinovac pfizer astrazeneca h"
"245","Netral","selamat admin mohon informasi lapor kipi vaksin sinovac kontak teera"
"1415","Netral","negara mula keluar vaksin covid bangun sinovac"
"1320","Negatif","yahhh ku sinovac vaksin sinovac pergi ln vaksin bukan sinovac"
"575","Positif","juta dosis vaksin rakyat china umur"
"1155","Netral","tidak perluuuu kalauvaksin bawa vaksin jenis vaksin sinovac"
"1226","Netral","informasi vaksin sinovac pfizer bogor puskesmas ciseeng dosis kuota"
"452","Netral","jadwal daftar pesea vaksin sinovac polres magelang"
"228","Positif","indonesia datang juta dosis vaksin sinovac bentuk"
"636","Negatif","vaksin sinovac sih gejala ngantuk doang laperan"
"206","Negatif","aussie vaksin kak bukan tinggal indonesia syarat"
"192","Netral","gantung vaksin e ndra dapet sinovac dapet booster dosis pakai mod"
"503","Netral","bhabinkamtibmas kalurahan ngawu bripka prima damping kanit provost aiptu parjiman pemantauan vaksinasi upt"
"906","Netral","rapopo vaksin sinovac timbang astrazeneca honda motor opo moderna modarne"
"706","Netral","vaksin nya jenis sinovac"
"326","Positif","keluarga beda merk vaksin sinovac adek pfizer astrazeneca kakak moderna semu"
"79","Positif","benar sinovac efek tidak liat pas suntik vaksin ast"
"268","Negatif","w dapetnya sinovac vaksin banget emang salah muluu heran"
"904","Positif","akuu vaksin sinovac alhamdulillah udah vaksin kali gapapa pas selesai vaksin tidak gejala aneh apa"
"204","Negatif","pas vaksin mba kemeng sinovac biru"
"1435","Positif","alhamdulillah vaksin ama petugasanya kipi pasca vaksin tidak vaksin sinovac kip"
"885","Netral","wibpolresta bandara soetta jajar tni stakeholder laksana"
"455","Negatif","vaksin sinovac ngantuk pegal demam"
"1001","Netral","mjb ka kalauada dokter bilang gaboleh vaksin tiga wkwk dosis sinovac tidak jelas"
"968","Negatif","asli pabrik vaksin kadaluarsa ijin darurat bpom data stabilita"
"139","Netral","pesea dosis lebih terima dosis sinovaccoronavac maksimal sep"
"1213","Netral","ayo hadir gerai vaksin tni polri laksana"
"1192","Netral","imunisasi covid guna vaksin coronavac keluar sinovac life sciences co ltd china pharmaniaga life"
"756","Netral","iya vaksin seko sih and tidak kasi vaksin sinovac maybe gtw deh"
"1470","Negatif","vaksin mana vaksin mana wkwk nasib veteran covid nyari sinovac dosis susah"
"650","Netral","butuh vaksin kota padang moderna sinovac pfizer tinggal daftar"
"807","Netral","bahan vaksin sinovac"
"950","Negatif","asli pabrik vaksin kadaluarsa ijin darurat bpom data stabilitas"
"1274","Netral","siswa smk islam jumo vaksin dosis babinsa koramil kedungjati u sugiyanto bhabinkamtibmas monitor"
"1011","Negatif","iyaa gapaham kek nya bengkak hijau vaksin sinovac"
"226","Positif","gapaapaaa sinovac santai badan fit pas vaksin tidak flu gaenak bad"
"719","Netral","via vaksin sinovac dosis gedung tppkk syarat jadwal cp cek foto"
"902","Positif","sinovac vaksin pupuk bawang alias santuy"
"1205","Negatif","sik vaksin sinovac rasah kancani"
"345","Netral","ayo hadir gerai vaksin tni polri laksana"
"1403","Netral","ciputra world surabaya vaksin sinovac"
"1086","Positif","mama asma vaksin kak mending vaksin sinovac ringan moderna"
"907","Netral","riwayat asma puskesmas ditanyain terkahir kambuh vaksin"
"616","Negatif","habis dosis sinovac alergi kambuh takut vaksin booster"
"1197","Netral","jangan lupa ambil vaksin adikadik"
"1181","Netral","daftar vaksin sinovac klinik polresta bandung jlbhayangkara soreang silahka"
"1055","Positif","sih sinovac vaksin ama vaksin dosis ama k"
"1248","Netral","awal vaksin covid personil satlantas polres ngada laksana aman awal vial vaksin"
"1225","Positif","pfizer vaksin utama program pick remaja vaksin sinovac ditawarkan re"
"1098","Positif","h terbang medanbatam syarat vaksin kali sinovac booster moderna terima kasih"
"1414","Negatif","imunogenisitas vaksin sinovac turun persen ama kali suntik"
"1291","Netral","daftar vaksin sinovac klinik polresta bandung jlbhayangkara soreang sil"
"877","Positif","guna vaksin sinovac golong remaja umur benar kp kesihatan sumber kementeria"
"1301","Netral","kanggo kancakanca brebes l sekitare laksana"
"992","Negatif","tolak mencret tki umroh pakai vaksin sinovac"
"1241","Netral","kkm lulus guna vaksin keluar sinovac remaja"
"1211","Netral","teman teman tugas wawancara kriteria belum vaksin sinovac"
"663","Positif","vaksin vaksin sinovac alhamdulillah sehat sehat"
"385","Positif","alergi berat hipeensi kolesterol alhamdulillah vaksin sinovac lengkap baik skr"
"1189","Negatif","insya allah aman rey abis vaksin sinovac reakainya ngantuk banget laperan banget"
"125","Negatif","bacot asli ultramentapi gara gara vaksin sinovac kuat hilang"
"1246","Netral","sdf informasi vaksin sinovac rek vaksin soale belum jelas hikd"
"44","Negatif","asline kuat boboboiy bar suntik vaksin sinovac winggi kuat dadi ilang kabeh"
"1137","Negatif","untumg tidak vaksin info sinovac tidak maren badan tidak fit"
"409","Netral","sayang rumah bekas cipayung cibubur ayo vaksin sinovac astrazeneca universitas dian nusantara"
"1449","Negatif","mimpi dapet vaksin booster kasih sinovac bilang gamau disunt"
"1069","Positif","sinovac aman pas moderna abis sakit tidak vaksin pas vaksin sinovac in"
"956","Negatif","asli pabrik vaksin kadaluarsa ijin darurat bpom data stabilitas"
"1212","Netral","guna vaksin coronavac keluar sinovac life sciences co ltd china pharmaniaga lifesciences sdn bhd ma"
"1235","Positif","kini bersetuju kelulus syarat guna vaksin keluar sinovac life scie"
"466","Netral","kalausinovac jarak nder vaksin surat ditul"
"840","Negatif","jujur nder vaksin sinovac tidak efek apa kaya ngerasa laper kalausampe d"
"414","Netral","takpe vaksin sinovac campur pfizer"
"1335","Netral","informasi vaksin sinovac dosis kabupaten tangerang vaksin presisi gor bonang udah tidak huhu"
"1158","Netral","vaksin semarang jenis sinovac"
"757","Negatif","ngomong ngomong vaksin re vaksin sinovac efek parah sempet sek nafas mnt"
"1315","Negatif","efek moderna kalausinovac vaksin moderna syarat pergi neger sinovac"
"606","Positif","sinovac ngefek banget gamau vaksin tuntut vaksin mobilitas tidak vaks"
"1185","Positif","kkm bersetuju kelulus syarat guna vaksin coronavac keluar sinovac life scienc"
"741","Positif","sinovac udah akuin who fega belanda diakuin maslahnya seifikat vak"
"574","Positif","luas populasi kategori umur china tidak rekod makl"
"196","Netral","belum vaksin rek vaksin dosis vaksin dosis sinovac umur atas"
"271","Positif","datang juta dosis vaksin sinovac pemerintah pasti stok vaksin aman"
"1452","Positif","republik rakyat china rrc sumbang juta dosis vaksin sinovac tambah malaysia menteri"
"1136","Netral","rapopo vaksin sinovac timbang astrazeneca daihatsu opo moderna modarne"
"689","Netral","kader pks vaksin camat koto ta­ngah sedia dosis vaksin sinovac moderna"
"155","Positif","en nya vaksin moderna pas tau sinovac jalan sehat"
"1253","Netral","jenis vaksin sinovac sinopharm"
"814","Positif","studi turki vaksin booster pfizer hasil lindung sinovac"
"35","Netral","tinggal merah putih vaksin sinovac kak"
"856","Negatif","kalauyg sinovac vaksin tidak sih moderna nakes"
"1026","Positif","mjb kak ayah nya riwayat darah aman pakai sinovac after effect nya soalny"
"817","Netral","vaksin sinovac sih"
"302","Negatif","hahahahsha malass hasut mak vaksin elok pilih sinovac je nak"
"923","Negatif","rasah kokean ngece asline ki kuat bar vaksin sinovac kuat ilang"
"1308","Negatif","wkwkwkwkkw manifest nuker vaksin sinovac sianjing"
"836","Netral","ayo hadir gerai vaksin tni polri laksana w"
"1133","Negatif","anak laki th ponpes ekselencia parung cuman nyata positif antigen"
"445","Netral","ayo massal jenis vaksin sinovac"
"622","Positif","spore orang rela bayar vaksin sinovac pfizer moderna pemerintah"
"738","Negatif","kalauvaksin astrazeneca neger kalausinovac belum mas"
"266","Positif","strategi tahap vaksin tanah air pakai sinovac kaya sinovac minim efek samping"
"1278","Positif","sinovac yakkum bareng lansia gara otg nunggu informasi baru kalauskrg positif"
"685","Positif","jakaa moderna pfizer sentra vaksin nunggu moderna kar"
"1339","Negatif","data tahan sinovac vaksin belum umum terima vaksin"
"1433","Negatif","sing ngomong nek jangan sok kuat nek paksin nggo sinovac kuwi cangkemee sing ra iso syukur wes nehi vaks"
"30","Negatif","rausah kakean polah asline iki ultraman mergo vaksin sinovac kuat ilang"
"811","Positif","pemerintah stok vaksin covid produsen vaksin beli pem"
"325","Negatif","lu beda jenis vaksin bikin ribet bgini vaksin woey udah abis"
"362","Negatif","iya syarat masuk perancis deh kayak vaksin sinovac tidak berlaku pe"
"93","Netral","daftar vaksin sinovac klinik polresta bandung jlbhayangkara soreang sil"
"727","Negatif","pakai vaksin sinovac tidak aku fully vaccinated"
"678","Negatif","tbh glad tidak sinovac gapapa keras efek rada gila banyak baca poal negara"
"919","Positif","giat vaksinasi keluarga its masyarakat berlaku warga negara indonesia"
"974","Positif","haha en gituu dapetnya sinovac gapapalah vaksin astrii"
"790","Netral","kak nis dapet vaksin sinovac"
"1089","Negatif","rasain pas vaksin sinovac nyeri memar"
"1463","Netral","hallo sobat polri polres lampung buka gerai vaksin presisi tahap i i sinovac"
"181","Positif","pas nganter anak vaksin bbrp pfizer astrazeneca suami sinovac alhamdul"
"1221","Netral","situbondo gencar semangat serbu vaksinasi covid dosis kodim situbondo jenis vaksin"
"544","Netral","jbrfess informasi vaksin sinovac dosis jember gais"
"163","Netral","rumah sakit drm hassan toto info vaksin jenis moderna sinovac"
"737","Positif","vaksin kali pas tidak sinovac tidak hehe"
"352","Netral","kalaudari sedia biofarma produksi udah beli biang vaksin coldchain tidak"
"1060","Positif","yeay terima vaksin sinovac masuk australia baca lengkap"
"1280","Netral","informasi vaksin covid bogor puskesmas caringin pakai sinovac pfizer kuota"
"75","Negatif","pakai sinovac efek pegal suntik ngantuk langsung ngefek gel vaksin selang hari"
"572","Positif","vaksin vaksin sinovac alhamdulillah ngantuk laper kipinya"
"1161","Positif","australia izin vaksin sinovac covishield syarat masuk a jalan internasional"
"96","Negatif","tetangga pekan vaksin dosia sinovac alami dengkul lemas tidak nafsu makan mual kalauma"
"159","Netral","warga geyer vaksin dosis babinsa koramil gundih serda kenang kades angkat desa geyer monitorin"
"295","Netral","via vaksin covid kampus untag sinovac dosis gedung pkk pfizer dosis"
"792","Netral","besok adaa jadwal vaksin covid jenis vaksin astrazeneca sinovac beempat puskesmas sukagum"
"1275","Negatif","vaksin sinovac kurang lampau butuh booster kah malaysia mel"
"1245","Positif","australia buka perbatasanpenerbangan internasional vaksin sinovac masuk oz kabar"
"273","Positif","wkwk sumpah sok keren banget dapet vaksin sinovac konsultasi dokter sakit bawaa"
"1034","Positif","validasi sinovac who bukti vaksin aman ruji mutu vaksin pulih nusantara"
"505","Negatif","kalaudi tempat emang banyak sinovac moderna kali diadain massal"
"449","Positif","sleman komando distrik militer sleman bekerjasama aparat kait stakeholder melaksanak"
"213","Netral","solidaritas vaksin psi kota depok vaksin sinovac dosis syarat wni foto copy ktpkiakk"
"380","Netral","vaksin covid kampus untag sinovac dosis gedung pkk pfizer dosis syarat jad"
"257","Netral","teman mohon informasi ibu butuh vaksin vaksin ama sinovac perintah dokter"
"1206","Netral","menteri kesihatan malaysia kkm lulus guna coronavac keluar sinovac life science"
"816","Netral","tutup wkwk coba samping lombok abang cimuning tidak lombok abang pato"
"123","Positif","sinovac murah siap ro orang keluarga vaksin pandemi"
"846","Netral","aneh orang tu mah en nya pfizer astrazeneca moderna tap"
"1004","Netral","jbrfess informasi vaksin laksana kodim balai desa sukorambi sasar lansi"
"467","Netral","dapetnya vaksin sinovac astrazeneca"
"1374","Netral","sasar vaksin dosis hari bhabinkamtibmas desa jatireja paping baping a relawan mela"
"154","Netral","batituud koramil kradenan pelda supriyanto anggota monitoring serbu vaksinasi kodam ivdiponegoro w"
"759","Positif","sinovac walopun en vaksin kaya"
"303","Negatif","vaksin sinovac vaksin pas vaksin massal bagi kaga bi"
"1330","Netral","asma tidak vaksin sinovac kah"
"940","Positif","wakil walikota banjarmasin h arifin noor tinjau program vaksinasi covid neger bjm vaksinasi h"
"25","Positif","orang nyebar palsu suntik vaksin covid sinovac kali sekolah alhamdulillah sehat pei"
"304","Positif","vaksin sinovac dosis ama gapapa vaksin"
"576","Positif","transma yasmin bogor polresta bogor kota adakan vaksinasi massal usia"
"679","Negatif","benar sih kakak vaksin sinovac ngeri tetangga dapet astrazeneca mual parah"
"494","Positif","takut suntik inovasi vaksin plester solusi"
"292","Positif","isteri covid lepas terima dosis sinovac bulan belu"
"126","Positif","sinovac murah siap ro orang keluarga vaksin pandemi mas"
"267","Netral","bukti eksperimen bluetooth hubung vaksin vaksin bluetooth suppo tidak vaksin afiliasi bluetoo"
"74","Netral","vaksin lokal kembang drterawan dkk bukan seh vaksin merah putih vaks"
"1312","Positif","kalaubelom vaksin pilih vaksin pilih pfizer tau effectivity r"
"626","Positif","transma yasmin bogor polresta bogor kota adakan vaksinasi massal usia a"
"439","Netral","butuh tolong kat area pj available vaksin sinovac aritu trpaksa cancel nd dose sbb ve covid"
"821","Netral","cari vaksin booster ou sih mreka dapet sinovac bayar tidak deh"
"277","Positif","kabupaten pasuruan sasar serbu vaksinasi tni dosis vaksin sinovac"
"300","Negatif","nek iseh vaksin sinovac rasah sok kerass"
"158","Netral","puri nder vaksin jenis vaksin pfizer sinovac moderna"
"1124","Positif","sinovac remaja benar kp kesihatan"
"1251","Negatif","kmpanye hrus vaksin unjung pngadaan untung lgsitu tim riset marketingnya sinovac"
"604","Positif","yapsss banget sempet mikir kaya gin sinovac minim banget reaksi trutama l"
"309","Netral","selamat admin mohon informasi lapor kipi vaksin sinovac kontak"
"722","Netral","via vaksin sinovac dosis gedung tppkk syarat jadwal cp cek foto"
"690","Positif","vaksin indonesia baik astrazeneca sinovac dll tahap klinis m"
"962","Negatif","asli pabrik vaksin kadaluarsa ijin darurat bpom data stabilitas"
"794","Positif","coba kaika husada kak doi vaksin vaksin sinovac pfizer wa"
"423","Positif","vaksin kepengen vaksin astrazeneca sinovac tidak apaapa vaksin"
"1423","Netral","belum vaksin ayo rapat markas pmi kabupaten lombok timur sedia vaksin sinovac dosis dosis"
"718","Netral","vaksin sinovac dosis gedung tppkk syarat jadwal cp cek foto"
"294","Negatif","sinovacklu om pakai vaksin apasaya vaksin debat bossujungnya tidak vaksin pecat"
"223","Netral","vaksin astrazeneca sinopharm pfizer haram mu sinovac nyata halal sinar jateng"
"1305","Netral","sd islamic center brebes vaksina"
"1455","Netral","lu vaksin sinovac astrazeneca"
"488","Negatif","sinovac beb d vaksin tidak nefek jangan mati"
"146","Negatif","hahaha salah judul mah pemerintah sediain sinovac tidak pakai sinovac h"
"854","Positif","guna vaksin sinovac golong remaja umur benar kp kesihatan"
"1139","Positif","vaksin sinovac lulus remaja usia via"
"1082","Negatif","sumpah vaksin sd sakit vaksin sd vaksin demam pas vaksin"
"1383","Positif","yoben vaksin ee sinovac seivikat"
"1317","Positif","kena covid mas komorbid jantung stroke alhamdulilah baikb"
"1336","Positif","who belanda khusus aku vaksin sinovac seifikat dapat warga indonesia"
"1078","Positif","pemerintah arab saudi aku guna vaksin sinovac jamaah umroh indonesia"
"745","Negatif","vaksin jenis masuk korea ndak karantina kyknya bukan sinovac deh"
"1007","Positif","mas bbbrp jurnal neger bahas efektifitas vaksin trhdp varian delta bagus mod"
"841","Negatif","tim riset indonesia efikasi vaksin covid sinovac turun persen"
"1239","Netral","informasi jadwal lokasi vaksin sinovac garut gratis"
"370","Netral","kalausinovac sih laki pas vaksin ny telat minggu tidak kalaubelom jadwal vaksin tidak"
"862","Positif","vaksin covid sinovac buat tiongkok remaja usia lengkap"
"145","Netral","vaksinasi dosis drive thru fk kmk ugm gelar komando distrik militer sleman bekerjasama d"
"448","Netral","informasi vaksin dosis sinovac area klaten jogj tidak sie"
"1319","Netral","wkwkw udahh vaksin sinovac suruh moderna nunggu kesiap hati"
"615","Negatif","pfizer cominay sinovac coronavac ikut media kanada tidak nama v"
"1459","Negatif","efek vaksin sinovac pusing mata kabur gtuagak pegal lebam bekas suntik kasi makan mual d"
"308","Netral","gratis dosis vaksin covid sinovac bandung"
"492","Negatif","wes tidak vaksin pakai pfizer mrna ngeri sinovac tidak alergi terminal"
"1332","Netral","informasi vaksin dosis sinovac bekas"
"963","Netral","bhabinkamtibmas lurah purwokinanti polsek pakualaman aipda sujiman laksana mantu"
"19","Netral","vaksin sinovac dosis alami ayok bagi vaksin"
"1168","Netral","lokasi vaksin covid sinovac gratis solo"
"888","Negatif","tidak napsu makan om abis vaksin sinovac dosis ny masuk anginperut asa kenyanv hbis maksi"
"162","Positif","vaksin habis covid belum genap gapapa karawang available sinovac yowis"
"138","Netral","datang vaksin sinovac bandara intl supadio jakaa bawa gudang dinkes propinsi kalbar"
"1292","Positif","usia kena covid alhamdulillah pulih"
"735","Netral","solidaritas vaksin psi kota depok vaksin sinovac dosis syarat warga indonesia bawa foto copy"
"1179","Netral","sinovac dosis ajar smk dukuhturi suntik vaksin covid"
"872","Positif","kaaak wkwk vaksin nya sinovac nakespro ditambahin kaaak wkwk"
"1460","Negatif","habis vaksin sinovac dosis nunggu panggil perawatbuka twitter langsung baca im screamiìiiiiing acto"
"747","Netral","bah udah dapet booster moderna st nd nya pakai sinovac dianggep udah vaksin belum"
"1348","Netral","pfizer doang dipake indonesia sinovac astrazeneca beahannya"
"248","Positif","tahap pemerintah datang juta dosis vaksin covid sinovac"
"1000","Negatif","wes dasare mageran tambah vaksin sinovac"
"502","Positif","serius pakai astramoderna efek kaya en vaksin dapetnya sinovac tidak efek samping apa"
"557","Negatif","vaksin sinovac gel"
"109","Netral","benar temenmu kalausudah vaksin pakai sinovac tidak move vaksin"
"660","Netral","informasi vaksin sinovac bogor puskesmas cijujung kuota orang"
"766","Netral","efektif sinovac guru guru vaksin booster"
"1285","Netral","titik lokasi laksana vaksin covid bogor puskesmas pasar rebo pakai sinovac pfizer"
"274","Netral","kes patient st dosis sinovac nk tukar vaksin sbb post vaksin kena salmonella tgk kes xperlu tukar"
"1208","Positif","vaksin dosis done dosis sinovac dosis covid alami dosis moderna iship im comingggg"
"1367","Positif","raja bangun pelan strategik bangun vaksin negara umum perdana menteri"
"328","Positif","indonesia terima juta dosis vaksin dukung r sinovac"
"1154","Negatif","teknoloji mrna punya kesan samping kuat suai golong komorbiditi sinovac l"
"1268","Positif","vaksin sinovac"
"786","Netral","daftar vaksin sinovac klinik polresta bandung silah klik link bawah"
"680","Positif","jenis vaksin indonesia sinovac astrazeneca zeneca moderna pfizer"
"651","Positif","eh iya vaksin astrazeneca sakit untung sinovac tidak napa"
"874","Negatif","dosis sinovac telat kynya lihat jadwal bulan kak gila yah tidak jenis"
"728","Negatif","udahhsyukur nyaa tidak efek tang bekas vaksin rada nyeri ngomong ngomong p"
"1040","Positif","ku wonosobo vaksin nng depok sinovac seifikat aman"
"1119","Netral","sinovac vaksin nama sinopec mav jangan gas newbie"
"1306","Negatif","suami tmn vaksin sinovac lengkap kena covid tinggal"
"119","Positif","vaksin sinovac kali tidak efek samping samsek i guess i could call myself lucky parno asa tidak vaksin"
"1048","Negatif","ku demam vaksin dosis ama kalauaku pakai sinovac tidak efek pas dosis ama"
"1454","Netral","vaksin pfizer astrazeneca wilayah mustika jaya sini puskesmas mustika jaya sedia v"
"1341","Netral","program tni al wakil komando lintas laut militer kolinlamil sedia vaksin sinovac"
"464","Positif","brand test kit contoh test kit a detect spike protein test kit b bole"
"1397","Netral","serbu vaksinasi kodim pati wilayah koramil juwana capai vaksin jenis sinovac b"
"507","Negatif","umi mo prgi tidak vaksin sinovac ganerima moderna"
"668","Netral","vaksin sinovac bandara juanda surabaya dosis kuota dosis daftar link online"
"913","Netral","tidak ngantri ngambil formulir na vaksin sinovac gataunya astrazeneca"
"787","Positif","rahmad dorong vaksin jenis sinovac aku who"
"928","Netral","informasi vaksin sinovac bekas timur"
"1333","Netral","surat edar hki kemenkes vaksinasi dosis tiga nakes gu"
"1042","Positif","australia buka pintu lancong lengkap vaksin sinovac astrazeneca austra"
"1388","Positif","iyasih astrazeneca rem kantor vaksin astrazeneca jatah libur hari sinovac budak haha"
"577","Netral","coronavac vaksin sinovac vaksin sekolah soalnyaa"
"31","Netral","vaksin pasti jenis vaksin sinovaccorona vac jarak vaksin ama vaksin"
"528","Netral","lanjut informasi vaksin ciwalk udah bannernya instagram vaksin pakai sinovac pakai"
"289","Negatif","butuh tolong kat area pj available vaksin sinovac aritu trpaksa cancel nd dose sbb ve covid smpai skr"
"1345","Netral","beempat puskesmas batang kabupaten pati laksana serbu vaksinasi dosis vaksin sinovac k"
"1362","Netral","belum tingkat bor ind"
"1140","Positif","personil polsek cimanggis ayan lansia suntik vaksin sinovac"
"826","Negatif","rausah kakean cangkem asline ki ultramantapi bar vaksin sinovac kuat ilang"
"1256","Netral","vaksin besuk bebas non domisili sinovac"
"568","Positif","pharmaniaga had jamin bapa bahawa vaksin covid sinovac kanakkanak"
"334","Negatif","sinovac vaksin ama lengan bekas vaksin pegal doang vaksin tidak efek samsek"
"1375","Netral","akang teteh sadayana punten informasi vaksin dosis nya bukan bandung mana yah"
"1122","Netral","vaksinasi psi kota depok solidaritas vaksin psi kota depok vaksin sinovac dosis syarat warga indonesia"
"623","Netral","total kuota vaksin siap titik vaksin jenis sinovac arismawati wakil"
"210","Netral","selamat jadwal vaksinasi covid dosis sedhereksedherek vaksin dosis pe"
"175","Netral","agam jenis vaksin covid indonesia sinovac moderna astrazeneca shinopharm pfizer"
"1146","Netral","kkm lulus vaksin sinovac remaja via"
"1130","Positif","ketua arah kesihatan noor hisham abdullah vaksin covid lulus p"
"276","Netral","buka daftar vaksinasi galeri as studio hanafi periode jenis vaksin sinovac"
"1","Netral","gor dosis kuota dosis juanda terminal sinov"
"1114","Netral","problem immigration policynya saudi kang utama jab sinovac h"
"910","Netral","sinovac vaksin"
"915","Netral","sedia pesea jenis vaksin sinovac dosis dosis lohhh buka"
"122","Positif","warga singapura ramairamai pilih sinovac sinopharm vaksin booster"
"1112","Positif","menteri sehat malaysia menyetujui guna syarat vaksin covid buat sinovac china anak"
"908","Positif","nenek darah umur udah alhamdulilah after vaksin gapapa ko nder pakai vaksin sinovac"
"725","Netral","vaksin sinovac dosis gedung tppkk syarat jadwal cp cek foto"
"86","Positif","vaksin covid izin guna darurat who pfizerbiontech astrazeneca jampj moder"
"243","Positif","dok pasang ring udah stabil tensi udah vaksin c"
"717","Negatif","hahahah kmren ditawarin bilang maksude vaksin sinovac maneh peng opo w"
"894","Negatif","gws elnim vaksin ama demam ngomong ngomong vaksin astrazen sinovac"
"100","Negatif","tetangga pekan vaksin dosia sinovac alami dengkul lemas tidak nafsu makan mual kalaumakan"
"661","Positif","vaksin adh masuk indonesia sinovac sinopharm astrazeneca modena pfizer teman"
"278","Positif","yassss vaksin selese anjay sinovac kaga efek samping uhuy moga"
"344","Negatif","lisa pke vaksin sinovac kayak tidak bsa terbang neger"
"359","Positif","rangka ingat hut tni tni bais badan intelijen strategis gelontor vaksin jenis s"
"815","Negatif","gratis tidak non sinovac kali vaksin aman kemanamana gratis kaum sinovac kali vaksin belum aman kemanam"
"980","Positif","temenku asma flek paru vaksin sinovac aman smpe badan seger"
"585","Negatif","rem sender giring opini kalauselain sinovac seram apa vaksin baik"
"630","Netral","bep dapet vaksin moderna sinovac"
"137","Netral","laksana vaksinasi kodim pati jenis vaksin sinovac puskesmas tambakromo sasar vaksin i"
"288","Negatif","kalauadanya daerah sinovac marah en daftar kota"
"1064","Netral","siswa sman sragen jalan vaksinasi covid vaksinasi laksana"
"38","Negatif","pemerintah rakyat vaksin sinovac vaksin tidak berlaku mana"
"1432","Netral","serbu vaksinasi gencar kodim bone denkesyah bone kali sasar sman"
"81","Positif","stok vaksin stok sisa dosis vaksin sinovac sinopharm"
"1422","Netral","pgb ngadain sept vaksin sinovac"
"407","Netral","vaksin nya sinovac kalaudi sih nder"
"144","Positif","alhamdulillah pfizer sebenernya apa vaksin tidak"
"53","Netral","vaksin dosis jenis sinovac hadir untuk mahasiswa umy alumni umy ajar masyarakat"
"499","Netral","sinovac katanyaa sih meg berkat kemenkes kalautidak nunggu setel"
"1024","Negatif","perbezaan mati akibat covid terima vaksin astrazeneca pfizer sinovac mati a"
"1378","Negatif","emang vaksin beda beda ngasihnya sinovac iya efek pegal tang nyut nyut"
"1257","Negatif","arab saudi tidak terima suntik vaksin sinovac"
"1163","Positif","attention korang yassss its resmi vaksin sinovac kat remaja umur"
"1196","Negatif","wow lepas gomen approved sinovac budak orang booking beli vaksin anak"
"1406","Netral","informasi vaksin dosis astrazeneca tidak istri vaksin ama poltekesyo"
"791","Negatif","perlahan bukan vaksin astrazeneca rana kadar vaksin dosis ama lepas padar k"
"1234","Netral","sinovac udah langsung belum seifikat vaksin nya"
"982","Negatif","rasang kakean cangkemasline ki ultramentapi bar vaksin sinovac kuat ku ilang"
"489","Positif","sinovac ngefek banget gamau vaksin tuntut vaksin mobilitas tidak vaksin"
"710","Positif","pakai vaksin eza pakai sinovac pas vaksin tidak sakit vaksin m"
"1347","Negatif","gantung vaksin nya apaa sih kalausinovac iya wkwkw ngantuk laper"
"283","Netral","layan vaksinasi vaksin sinovac dosis dosis kuota p"
"186","Netral","enam jenis vaksin masuk indonesia sinovac efikasi a"
"1457","Negatif","review vaksin sinovac tidak kaya banyak orang abis vaksin laper tang bekas suntik nya sakit terminal"
"578","Positif","luas populasi kategori umur china tidak rekod meng"
"1396","Netral","dok mohon saran selesai vaksin sinovac konsumsi fluoxetetine"
"164","Positif","udah vaksin sinovac"
"850","Positif","emak al mama vaksin emak sintas covid blon vaksin daftarin jaki car"
"1216","Netral","bgr vaksinasi grastis warga bogor daftar online langsung dosis khu"
"889","Negatif","vaksin sinovac tidak mubazir nidom sar evaluasi efektif v"
"659","Negatif","vaksin astrazeneca efek sinovaclapar ngantuk meriang esok hari itu"
"1390","Netral","hallo kuys belum vaksin lho vaksin rumah sakit uns dosis"
"767","Positif","anak belanda tidak vaksin sinovac xbukti autentik"
"321","Netral","informasi vaksinasi setiajaya toyota cimanggis depok periode jenis vaksin sinovac"
"148","Netral","mohon informasi vaksin dosis sinovac gaa kalauada informasi mana"
"323","Positif","wagub inga inga efektif sinovac guru guru mendap"
"322","Netral","ayo hadir gerai vaksin tni polri laksana w"
"1129","Positif","alhamdulilah vaksin sinovac kali"
"8","Negatif","vaksin sinovac alergi kambuh bersin bidur mata gatel eksim kambuh"
"740","Positif","dapet moderna nder coba kaya surat faskes vaksin vaksin jenis in"
"724","Netral","update informasi vaksin sinovac pfizer dosis bogor kuota orang"
"406","Positif","untuk tni nyuntikin vaksin sinovac set mo bilang bapak made my"
"929","Netral","kmaren mintain surat rekomen jantung vaksin ibu takut e"
"540","Positif","besea keluarga vaksin sinovac usia"
"290","Negatif","kmarin takut efek vaksin sinovac gamau vaksin skrang pakai sinovac dikatain mau ap"
"287","Netral","kalauvaksin tu mending sinovac pzjehtjwkfjwjdjs sih"
"247","Positif","stok vaksin stok sisa dosis vaksin sinovac sinopharm wak"
"49","Netral","gimana kalaumau negri vaksin sinovac negar"
"589","Positif","pegal doang sih nder sinovac efek samping ringan vaksin sehat nya j"
"1030","Positif","gelombang tiga profit taking vaksin bayar tidak gratis sinovac rb murah ban"
"699","Positif","iyaa moga cepat sembuh alergi biar cepat vaksin oalah bri pakai sinovac"
"1233","Positif","kkm lulus vaksin sinovac remaja"
"246","Netral","vaksin ama sinovac dosis ayo rek vaksinasi drive thru stadio"
"506","Negatif","iya ih wow susah tetangga vaksin dapat sinovac"
"714","Negatif","sih nder pas vaksin sinovac demam minggu"
"561","Positif","vaksin sinovac kanakkanak remaja selamat juta dosis rakya"
"199","Netral","sentra vaksin binplaz puskesmas betung layan dosis jenis vaksin sinovac"
"924","Positif","produk sinovac jenis vaksin covid lulus raja malaysia guna golong"
"1076","Positif","validasi sinovac who bukti vaksin aman ruji mutu vaksin pulih nusantara"
"12","Positif","malam ambil vaksin sinovac suami alhamdulillah rsa okay jedoakan sihat moga vaksin penawar"
"555","Positif","pharmaniaga had jamin bapa bahawa vaksin covid sinovac kanakkanak remaja"
"296","Netral","via vaksin covid kampus untag sinovac dosis gedung pkk pfizer dosis"
"498","Netral","jenis vaksin kalauvaksin ama sinovac kdua sinovac"
"320","Negatif","habis vaksin sinovac gebuk gelora"
"1132","Negatif","sing vaksin e sinovac ra sok keraskyo ngene loh astreav"
"468","Netral","kalaukamu vaksin sinovac jarak vaksin astrazeneca"
"472","Negatif","tau kalausinovac emang ringan gejala nya kalauastrazeneca keras temen temen kampus"
"1081","Negatif","asma vaksin ka asma bbrp sempet kumat kon"
"1264","Negatif","whatttt orang taiwan china gamau sinovacpiye iki makasih ka"
"1327","Positif","malaysia bekerjasama syarikat bangun vaksin covid cansino sinovac bangun vaks"
"1429","Netral","negara mula keluar vaksin covid bangun sinovac"
"1353","Netral","berat yah minum air putih anyta dengar vaksin sinovac terminal"
"1329","Positif","kena covid mas komorbid jantung stroke alhamdulila"
"1131","Positif","upaya pemerintah tanggulang pandemi covid distribusi vaksin sinovac titik"
"640","Netral","tidak vaksin sinovac ama daerah jakbar mana bapak nyari astrazeneca pfizer bapa"
"1255","Negatif","guna vaksin sinovac golong remaja umur benar"
"581","Negatif","hahaha inget talk shit about sinovac like tidak tidak"
"1418","Netral","vaksin ama cari tidak klinik"
"339","Netral","efektif sinovac guru guru jakaa"
"1074","Negatif","adik ku ngatain lemah demam pasca vaksin vaksin tidak napa anj beda vaksin"
"667","Negatif","eropa tidak temen kantor gagal visa vaksin sinovac"
"434","Netral","buka sempat vaksin dosis sinovac khusus warga sukoharjo vaksin"
"1094","Negatif","minimal vaksin astrazeneca moderna kalauvaksinnya sinovac skip"
"1456","Netral","coronavac vaksin corona sinovac moderna astrazeneca sinopharm dll"
"398","Netral","vaksin dosis astrazeneca sinovac"
"390","Netral","informasi vaksin gratis kota palangkaraya kalimantan sinovac"
"347","Netral","butuh vaksin dosis astrazeneca sinovac langsung"
"108","Netral","sih nder kalauvaksin udah jenis sinovac vaksin nya sinovac bukan"
"687","Positif","harih vaksin teman palangka raya kirim foto terima vaksinasi"
"1224","Netral","mb docni rame d paksa vaksingmn mb doc bsok jdwal vaksi data sruh ngisi"
"584","Negatif","supposed hotline dapat informasi number reach lahluar"
"1230","Netral","ayo vaksin moderna dosis astrazeneca dosis sinovac dosis biddokkes polda kepri kepri"
"1009","Netral","lur informasi vaksin dosis kah isi sinovac makasih"
"838","Negatif","rumah dosis vaksin steady simptom kecuali ama mak am"
"1172","Netral","anak udah tiket vaksin app tidak mana vaksin nya cek nya d"
"774","Netral","hallo warga taman sari sehat jadwal vaksin sinovac kantor rw mabes lapang ums"
"882","Positif","aneh sinovac aman anak sekolah vaksin sinovac ngomong ngomong minum obat tidak"
"1328","Negatif","vaksin sinovac sok keras astrazeneca bos senggol"
"476","Netral","vaksin sinovac muhi coba cek barangkali kuota tutup daftar"
"884","Netral","vaksin ama dosis sinovac umur umur say"
"1295","Netral","sayang skli tidak join babeh aldo behsdh tanyakah bhw jk vaksin"
"733","Negatif","tidak uk tau hajiumroh minimal vaksin nya astrazeneca k"
"56","Positif","malaysia terima bekal ama vaksin coronavac liter hantar terminal"
"672","Netral","belum malaysia banding efektivitas vaksin sinovac pfizer vaksin astrazeneca hasil"
"707","Netral","samaa hr vaksin sinovac"
"869","Negatif","sinovac pas vaksin fit parah deh saran"
"1169","Netral","juru bicara vaksinasi covid siti nadia tarmizi tanggap isu turun efikasi vaksin sinovac p"
"340","Netral","vaksinasi massal covid ajar smp s a masyarakat porseapelaksanakan suntik vaksin"
"58","Negatif","orangorang kalauvaksin sinovac efek ngantuk makan mulu lohhh tidak bedain efek vaksin a"
"234","Negatif","vaksin sinovac vaksin pas vaksin massal bagi kaga milih"
"1053","Positif","hooh mknya tidak vaksin astrazeneca pindah sinovac alhamdulillah tidak cmn pegal ditgn pas"
"179","Negatif","tidak pilih vaksin gaes dapet sinovac benar bantu kena cov yug"
"180","Netral","informasi vaksinasi covid reposted from usia jenis vaksin astrazeneca usia th jenis v"
"301","Negatif","efektif efek samping takut"
"169","Negatif","rasah kakean cangkem asline ki ultramen bar vaksin sinovac kuat ku ilang"
"456","Negatif","vaksin sinovac efek pegal sih"
"264","Negatif","vaksin pfizer asa banget gel banding vaksin sinovac"
"1287","Netral","update informasi vaksin covid bogor puskesmas leuwisadeng pakai sinovac"
"348","Negatif","vaksinasi tahap satu vaksin jenis sinovac orang ikut orang karena"
"1298","Negatif","vaksin sinovac suntik warga pakai astrazaneca"
"802","Positif","i complete dose vaksin sinovac then on ve that time my condition ge"
"643","Positif","sinovac kak benar tidak pilah pilih vaksin dukung sabang merauke"
"147","Netral","dapetnya sinovac beda vaksin sih"
"716","Positif","kapolsek mojolaban pimpin aman vaksinasi massal gerai vaksin presisi gedung blk bekonang camat mojolaban"
"805","Negatif","tim riset indonesia efikasi vaksin covid sinovac turun persen beri boo"
"797","Netral","coba puskesmas nder vaksin daerah astraz sinovac bawa"
"71","Netral","vaksin ama astrazeneca pas vaksin lupa pas suster sinovac iya"
"7","Netral","gor dosis kuota dosis juanda terminal"
"744","Positif","vaksin bagus gaboleh milih dose sinovac dose"
"1209","Netral","update vaksin covid bogor sinovac dosis puskesmas nanggung anak usia"
"669","Netral","vaksin bagi sinovac suami astrazeneca zenneca tante ku manula pfizer adek pupu"
"369","Netral","daftar vaksin sinovac klinik polresta bandung jlbhayangkara soreang silahka"
"463","Negatif","dosis penuh jenis vaksin moga akur sinovac pfizer dalem jangan ikut perang politik"
"803","Negatif","pas banget sinovac pas h suntik hahahihi eh minggu muncul"
"709","Netral","informasi vaksin covid bogor massal puskesmas caringin pakai pfizer sinovac"
"771","Netral","tu harap hak bg sinovac klau vaksin pilih"
"156","Netral","bang bon belum vaksin hasil vaksin kali sinovac hasil mea"
"484","Positif","indonesia vaksin emergency use listing terbit who diperlakuk"
"1247","Netral","guna vaksin sinovac golong remaja umur benar"
"655","Negatif","ragu teman informasi vaksin jenis sinovac en jenis"
"319","Positif","dosis vaksin sinovac siap vaksinasi tahap ama"
"182","Netral","informasi jadwal vaksin baru dosis sinovac kuota terminal bandara juanda gratis beras kg cek d"
"208","Netral","jog vaksin ama nama sinovac bukan mana"
"1219","Positif","guna vaksin sinovac golong remaja umur benar kp kesihatan sumber"
"969","Positif","asma ambil sinovac aman vaksin skrining sehat"
"479","Negatif","sinovac mah sinovac kalauastrazeneca z tidak mantep sih tap"
"508","Negatif","vaksin sinovac pas nunggu kau eh pingsan malu banget bangun bangun kerubungin orang"
"1313","Netral","jarak vaksin sinovac ama sih"
"591","Negatif","pakai sinovac tidak asli pegal lihat bokap vaksin tiga pakai a"
"1376","Netral","ynag sinovac moderna sinopharm habis ganti vaksin tidak"
"1195","Negatif","efikasi vaksin sinovac indonesia turun persen persen vaksin booster jenis v"
"418","Positif","ngomong ngomong pikir pikir syukur indonesia vaksin utama dosis banyak sinovac cerita temen suntik ast"
"157","Netral","warga kabupaten bandung ayo vaksin ikut vaksinasi massal selenggara pemerintah kabupaten bandung"
"635","Negatif","tidak eropa vaksin sinovac gimana kak vaksin yakali"
"543","Positif","vaksin sinovac tidak parah"
"607","Netral","daftar nomor teera gambar vaksin dosis sinovac"
"47","Netral","vaksin astrazeneca sinovac"
"918","Negatif","peristiwa tenaga sehat alami luka dosis vaksin sinovac rusak"
"255","Netral","sinovac minimal hri vaksin k tidak"
"632","Negatif","vaksin sinovac besok langsung tidur hari nder asli ngantuk banget bawa"
"905","Negatif","lanang vaksin sinovac rak gentle banget"
"891","Positif","australia buka batas traveler vaksin sinovac boleh masuk"
"327","Netral","vaksin ama sinovac dosis ayo rek vaksinasi drive thru stadio"
"959","Negatif","rasah kakean cangkem asline ki ultramen bar vaksin sinovac kuat ku ilang"
"258","Netral","warga kabupaten bandung ayo vaksin ikut vaksinasi massal selenggara pemerintah kabupaten bandun"
"1259","Netral","guna vaksin sinovac golong remaja umur benar"
"341","Netral","efektif sinovac guru guru jakaa har"
"1141","Netral","hasil vaksin sinovac"
"457","Netral","asli p"
"1045","Positif","vaksin benar benar tidak ngaruh pakai vaksin sinovac"
"477","Positif","vaksin sekolah sinovac efek samping nya tidak sakit"
"863","Netral","siswa smk yapisdah ikut vaksin sinovac danramil csk proses ptm"
"533","Negatif","vaksin sinovac efek lemes banget mual kepala berat tang kiri lemah banget hu"
"1363","Netral","dinkes kota kendari terima dosis vaksin sinovac buka layan"
"1027","Negatif","nampaknya vaksin astrazeneca zeneca kesan awal covid kait beku darah blood clot"
"217","Netral","selamat vaksin dosis sinovac sedia"
"265","Netral","gratis vaksin sinovac dosis surabaya jadwal"
"1222","Negatif","iya benar emang efek vaksin sinovac laper"
"142","Positif","anggota polsek babelan laksana aman giat program vaksinasi merdeka berani gerai wilayah polsek"
"151","Negatif","hasil gambar kandung vaksin sinovac udah zoom virus bentuk gurita mati"
"1071","Negatif","eh zahwa no minor kaya bukan sinovac vaksin sekolah"
"80","Negatif","temen tolong udah vaksin sinovac ngerasa sakit dada tekan tidak"
"1138","Netral","ayo besok vaksin du jenis vaksin sinovac pfizer informasi lengkap kontak yodi cc"
"903","Positif","rekomendasi izin masuk ajar internasional negara sep"
"177","Positif","vaksin sinovac wow"
"64","Negatif","efek vaksin sinovac usaha makan minum biar tubuh bugarr malas makan"
"656","Netral","butuh vaksin kota padang moderna sinovac pfizer tinggal daftar"
"415","Positif","biasakerja panas lagiaku sinovac wkwkwkallhamdulillah sinovac tidak efek samping tu"
"649","Positif","abis vaksin sinovac minum kopi neng banget asa hepi banget en tawa mu"
"1462","Negatif","sinovac kaya dinyek level vaksin china bukan vaksin amrik yurop ala moderna pfizer pas gelombang delta"
"772","Negatif","sek vaksin e sinovac rausah sok keras ngene astreav"
"1465","Netral","h temen temen na vaksin jakaa barat sinovac tidak mana tlg reply thanks"
"227","Netral","halo kota udah tidak nyediain vaksin sinovac udah daftar by web vaksinasitangera"
"627","Netral","suntik bu dokter"
"211","Positif","vaksin inti ngelindungin covid lagipula tidak orang milih ma"
"1364","Netral","babinsa koramil enrekang melaksankan emantauan laksana serbu vaksin nasional pusk"
"1135","Negatif","orang tua vaksin kena covid mele"
"554","Negatif","tidak sih abis vaksin sinovac badan keringet dingin mulu gemetar kirakira"
"1173","Netral","yogyakaa lapas narkotika kelas iia yogyakaa gelar vaksinasi merdeka tahap giat vaksinasi covid"
"537","Negatif","sinovac dosis ku tang pegal banget ngantuk banget hari abis vaksin besok"
"1177","Netral","jangan lupa ambil vaksin adikadik"
"547","Positif","juta dosis vaksin remaja lingkung usia china p"
"220","Positif","vaksin sinovac halal suci"
"431","Netral","sinovac vs moderna"
"820","Netral","tahu ane vaksin expirednya cepat pakai metode pfizer"
"943","Positif","salur vaksin juang wakil fraksi paai golkar komisi vii dpr republik indonesia mukhtarudin bantu progr"
"567","Netral","vaksin pakai sinovac chei"
"469","Netral","coba cek jenis vaksin beda dapat durasi cepat"
"441","Netral","mesti daftar pedulilindungi langsung dateng vaksin s"
"1355","Netral","ayo hadir gerai vaksin tni polri laksana"
"1436","Negatif","vaksin sinovac smp halimun seifikat belum sedia cek pedulili"
"1469","Netral","h temen temen na vaksin jakaa barat sinovac tidak mana tlg reply thanks uuu"
"39","Netral","cepat vaksinasi rangka penanganan covid indonesia sehat laksana kantor kapanew"
"45","Negatif","rasah kakean cangkem asline ki ultramen bar vaksin sinovac kuat ku ilang kabeh"
"229","Netral","masyarakat imbau tidak pilihpilih vaksin il a heures vaksin covid"
"285","Netral","pakai merk vaksin ka sinovac"
"1413","Netral","informasi vaksin dosis sinovac area malang sidoarjo pasuruan surabaya"
"1229","Positif","kkm bersetuju kelulus syarat guna vaksin coronavac keluar sinovac life sciences co lt"
"454","Positif","dosis administrasi amerika inggris bayang untung farmasi vaksin ba"
"500","Positif","belum vaksin bingung vaksin saran mending sinovac denger o"
"1175","Netral","kelulus vaksin sinovac golong umur lepas mesyuarat kuasa kawala"
"809","Netral","rengiat laksana vaksinasi wilayah camat tanggungharjo oktoberber"
"67","Negatif","gausah dosis tempat vaksin sinovac"
"194","Netral","informasi jadwal vaksin stadion pakansari bogor sedia astrazeneca moderna sinovac"
"1054","Positif","vaksin nusantara nobuka pabrik vaksin sinovac laku ketua tim cinta produk indonesia"
"118","Netral","vaksin sinovac sinopharm tugas sinopharm udah bawa puskesmas sinovac"
"1147","Netral","kkm lulus syarat guna vaksin coronavac keluar sinovac remaja"
"592","Negatif","asline powerrenjes mergo bar vaksin sinovac kuat ilang"
"252","Netral","jadwal daftar pesea vaksin sinovac polres magelang"
"1085","Netral","jog informasi vaksin dosis bebas tidak domisili tidak masalahin vaksin mana sinovac"
"77","Positif","negara terima datang vaksin sinovac banyak negara l"
"830","Negatif","asline iki ultramentapi bar vaksin sinovac kuat ilang"
"1232","Positif","vaksin keluar sinovac lulus remaja"
"695","Negatif","sinovac tidak laku roman sang juragan nakutin dunia pakai isu mutasi varian huahahaha"
"1116","Positif","vaksin varian sinovac ngerasa"
"486","Netral","anak vaksin lengkap sinovac vaksin pfizer moderna penuh syarat s"
"926","Positif","vaksin sinovac alhamdulillah telah tidak gejala laper terussssss"
"539","Netral","kalausinovac vaksin booster"
"249","Positif","stok vaksin stok sisa dosis vaksin sinovac sinopharm p"
"1107","Positif","vaksin pulih nusantara validasi sinovac who bukti vaksin aman ruji mutu"
"708","Netral","informasi vaksin dosis sinovac malang kota terimakasih"
"172","Positif","distribusi vaksin sinovac kawal babinsa"
"559","Positif","jenis vaksin stasiun cirebon sinovac kak trims"
"1170","Positif","kkm lulus vaksin sinovac remaja"
"1461","Netral","anggota polsek turi pimpin ipda j edy s puskes"
"4","Netral","informasi vaksin gratis kota palangkaraya kalimantan sinovac kurio"
"1337","Netral","hubung banyak seifikat orang indonesia cantum merk dagang vaksin sinovac coronava"
"1038","Negatif","tidak cuman apa jenis vaksin nya kek nya gejala efek nya nya"
"810","Positif","sok gamau vaksin pakai sinovac mau moderna pfizer puskesmas jangan a"
"446","Netral","buka daftar vaksinasi galeri as studio hanafi periode jenis vaks"
"335","Netral","efektif sinovac guru guru jakaa vaksin booster"
"629","Netral","vaksinasi lur silah sederek teman keluarga belum vaksin buka daftar vaksinasi sinovac k"
"937","Negatif","rasah kakean cangkemasline iki ultramentapi bar vaksin sinovac kuat an ku ilang"
"804","Negatif","rasah kakean cangkem asline ki ultramentapi bar vaksin sinovac kuat ku ilang"
"1453","Positif","tidak tanggungtanggung dosis vaksin sinovac sebar antero ngawi titik siap"
"262","Negatif","rasah kakehan cangkem asline ki ultramentapi bar vaksin sinovackekuatanku ilang"
"1424","Netral","ayo ayo belum vaksin vaksin pfizer dosis sinovac dosis tol jagorawi rest area"
"1409","Negatif","vaksin dapet moderna sinovac yah iya takut mati sih h tidak banget"
"515","Positif","indonesia vaksin emergency use listing terbit who pe"
"647","Positif","periode tambah vaksin moderna lengkap vaksin sinovac astrazeneca"
"1420","Netral","informasi vaksin sinovac daerah jakaa timur tolong"
"36","Netral","vaksin dosis jenis sinovac hadir untuk mahasiswa umy alumni umy ajar masyarakat kik"
"400","Netral","belum vaksin jenis vaksin sinovac"
"1236","Negatif","vaksin moderna takut after effectsnya sinovac kali"
"22","Netral","dosis sinovac mulaitahun ktpdomisili bebas khusus pesea syarat vaksin sin"
"460","Positif","sinovac lum vaksin cepat baik nder ajaa vaksin ajaa vaksin"
"861","Negatif","udah vaksin sinovac kena kopid kak"
"149","Netral","informasi vaksin bekas puskemas margajaya sebelah adil agama vaksin pfizer dosis sinovac d"
"501","Netral","besok vaksin kabupaten bandung stadion jalak harupat gaiss dosis pakai sinovac"
"1109","Positif","jamin halal vaksin sinovac"
"1300","Negatif","bingungin kalauvaksin sinovac china buat virus covid dimatikanberai"
"981","Negatif","siapsiap umrah jangan lupa vaksin jangan sinovac arab produk cina arab saudi longgar"
"1117","Negatif","aikel popular arwah abam tinggal dunia gadis"
"1437","Negatif","vaksin sinovac tgn kiri pegal doang"
"806","Negatif","kalaumall udah rame siapsiap panen covid pas lindung vaksin selesai sinovac setel"
"1068","Netral","informasi jadwal vaksin serpong kota tangerang dosis sinovac"
"413","Netral","patroli personil polsek jabiren raya cek aman vaksin sinovac"
"1484","Netral","en"
"1468","Netral","warga kota slawi antusias suntik vaksin sinovac dosis puskesmas slawi kabupaten"
"867","Netral","siswa smk yapisda ikut vaksin sinovac danramil cisoka kapten inf jefriansen sipayung proses"
"1032","Netral","eh nek awak due informasi vaksin sinovac dosis kabar tulungg makasoyy"
"1180","Netral","kkm lulus guna vaksin coronavac keluar sinovac life sciences co ltd china golong usia terminal"
"522","Netral","olohh hahahhaah bangsa astrazeneca pfizer sinovac hurm skrng vaksin bangsa"
"200","Netral","informasi vaksin dosis belum vaksinasi gerai vaksinasi polres gunungkidul buka pe"
"1386","Netral","laksana giat pam suntik vaksin vaksin jenis merek vaksin sinovac uptd puskesmas rantau"
"681","Negatif","majoritas guna sinovac keluh banget sih kota mayoritas sino"
"949","Positif","australia buka perbatasanpenerbangan internasional vaksin sinovac masuk oz kabar baik bua"
"837","Positif","ayo daftar jadwal vaksin gratis cikarang dosis sinovac sgc a informasi"
"523","Netral","teman mohon informasi ibu butuh vaksin vaksin ama sinovac perintah do"
"979","Positif","btull bapack ku takut sakit paruparu vaksin sinovac"
"985","Netral","eh vaksin sinovac tahanya"
"912","Netral","sinovac vaksin sekolah"
"1041","Negatif","iyaaa sinovac kabar dapet vaksin booster kal"
"270","Negatif","pakai sinovac vaksin ama pegal banget vaksin pegal dosis"
"801","Negatif","tipu la korang benda bukan flex takde tu auto orang lari beb credit"
"1381","Negatif","akibat amuk wargaterjadi rusak posko gerai vaksin vial vaksin dosis v"
"1359","Netral","tt huhuuu thanks vaksin sinovac"
"350","Netral","warga ikut vaksin pfizer sinovac puskesmas wanasari"
"614","Negatif","so aussie benar lancong lengkap vaksin sinovac azyang hang iya nak anjing pfizerian nah pulak"
"1204","Positif","ketua arah kesihatan tan sri noor hisham abdullah perkara dipersetujui mesyuarat"
"1401","Netral","kapolres brebes akbp faisal febrianto damping pju polres brebes tinjau gerai vaksinasi presisi do"
"444","Netral","informasi daftar vaksinasi covid poliklinik vaksin rsud kelet layan vaksinasi covid sinovac a"
"402","Netral","heh informasi vaksin sinovac dosis ning kabupatenkota madiun slur"
"553","Netral","informasi jadwal vaksin covid pfizer sinovac dosis kota bogor puri begawan"
"966","Negatif","asline ultramen due kuat mbuh nopo bar vaksin sinovac kuat nerf entek an"
"87","Netral","team vaksinator satbrimob polda kalsel gelar serbu vaksin presisi pondok pesantren wali"
"1446","Positif","pemerintah aljazair produksi vaksin covid kembang usaha tiongkok sinovac kapasitas"
"847","Positif","hayo takut vaksin maju mundur cantik baca deh curhatan efek vaksi"
"952","Negatif","vaksin astrazeneca vaksin sinovac besok titan"
"231","Positif","sinovac pemerintah datang vaksin covid pfizer astrazeneca jalur komersial"
"1201","Netral","belum vaksin dosis dosis lewat dosis sinovac astrazeneca zeneca t"
"991","Netral","salah vaksinpeama prizer sinovac lupa beneran wow yallah gabakal mokad"
"517","Positif","ohh sinovac temen sinovac doang tidak demam vaksin"
"150","Netral","informasi vaksin bekas pos polsek medan satria nas sehat lurus smp vaksin"
"1123","Positif","deket rumah gapapa nder kalaukm sinovac vaksin kalauvariannya gapapa"
"1087","Positif","otw vaksin alhamdulillah tidak jadi ayo belum vaksin vak"
"375","Netral","belum vaksin jenis vaksin sinovac"
"50","Netral","besok vaksin sinovac dosis bebas syarat dosis sinovac"
"298","Negatif","vaksin sinovac kyknya orang beda efek tante vaksin astrazeneca malemnya meriang"
"465","Positif","anggota koramil kaligesing kodim purworejo serma wahyudi laksana monitorng beri vaksin sinovac"
"1199","Positif","ketua arah kesihatan tan sri noor hisham abdullah perkara dipersetujui mesyuarat kuasa k"
"106","Netral","vaksinasi covid dosis laksana keluarga gawai lingkung sekretariat jenderal kpu"
"1254","Netral","vaksin kelulus syarat lepas guna cominay keluar pfizerbiontech"
"975","Negatif","rasah kakean cangkemasline ki superman wing bar vaksin sinovac kuat ilang"
"958","Negatif","asli pabrik vaksin kadaluarsa ijin darurat bpom data stabilitas hany"
"750","Negatif","oxford astrazeneca pfizer biontech moderna janssen kayak sinovac mesti udah vaksin boos"
"971","Netral","oooogitu yaaakirain halodoc kasih jadwal nya malam nya daftar"
"641","Negatif","efek vaksin sinovac ancen ngantukluwe an a iki"
"1258","Netral","informasi vaksin covid massal bogor camat tanjungsari pakai sinovac pfizer"
"1370","Netral","vaksin gtlt sinovac astrazeneca"
"702","Netral","informasi vaksin dosis sinovac rek bangsalsari terimakasiii jbrfess"
"976","Netral","sinovac vaksin"
"683","Positif","alhamdulillah vaksin sinovac harap moga vaksin"
"983","Positif","kakakkakak ku asma kak and alhamdulillah sudahhvaksin dapat"
"1088","Negatif","mjb tau ku kalaukita vaksin pergi ln vaksin indonesia tidak list ne"
"230","Netral","pangkoarmada i tni pantau serbu dosis vaksin sinovac kabupaten pasuruan"
"603","Netral","na vaksin pakai sinovac emng vaksin lgi pakai astrazeneca"
"483","Netral","vaksin sinovac berai kudu nyari informasi vaksin tiga"
"366","Positif","isteri covid lepas terima dosis sinovac bulan b"
"516","Positif","juta kali sinovac rupiah murah sinovac juta warga bayar vaksin boos"
"990","Positif","lha ku semarang vaksin nag sidoarjo jatim yo iso ik sinovac"
"412","Negatif","vaksin selamat remaja bapa risau yakin anakanak k"
"458","Positif","vaksin sinovac selamat kanakkanak"
"715","Netral","sinovac hbu vaksin"
"1249","Netral","guna vaksin keluar kalangan usia utama kepa"
"652","Netral","cari vaksin pfizer depok vaksin astrasinovac rsui daftar via web"
"866","Positif","gelombang tiga profit taking vaksin bayar tidak gratis sinovac rb murah banding mo"
"734","Netral","informasi tidak vaksin dosis sinovac daerah cipondoh"
"1393","Netral","vaksin ama moderna puskesmas lubuk kilang sinovac"
"280","Positif","kota bantu ribu vaksin kota terima bantu"
"128","Netral","impoir vaksin sinovac"
"1441","Positif","pesea sehat sintas gejala ringan minimal nyata sembuh belum pe"
"57","Netral","besok vaksin sinovac dosis bebas syarat dosis sin"
"1097","Negatif","ayo besok vaksin du jenis vaksin sinovac pfizer informasi lengkap kontak yodi cc"
"207","Negatif","iya negara teentu tidak terima turis vaksin sinovac jenis jenis variasi vaks"
"495","Netral","vaksin sinovac koramil tangerang bawa copy pagisiang"
"1445","Netral","vaksin pantiwiloso vaksin sama sinovac"
"834","Netral","ayo hadir gerai vaksin tni polri laksana"
"1178","Positif","raja lulus vaksin sinovac remaja"
"1379","Positif","horas medan urus daerah ikat alumni itb sumatera utara sentra vaksin bumn gelar laksana vak"
"27","Netral","vaksin sinovac aman"
"1047","Positif","vaksin dspetnya sinovac pupu astrazeneca"
"430","Netral","addition ditmpt tdi vaksin moderna sinovac vaksin moderna kasi paracetamol tpi"
"1294","Negatif","sing vaksin e moderna dipadakne gendaanmu sing vaksin e gur sinovac yo tidak mlipir no sayang xixi"
"778","Positif","jenis vaksin sinovac buka usia sintas covid tel"
"835","Netral","ayo hadir gerai vaksin tni polri laksana"
"599","Netral","benar hadir majlis surau masjid teakluk lengkap terima dosis"
"832","Negatif","sekedar butuh seifikat pakai sinovac tidak percaya vaksin ribet m"
"1387","Positif","validasi sinovac who bukti vaksin aman ruji mutu"
"65","Netral","jog jadwal vaksin sinovac siloam"
"171","Positif","jenis vaksin sinovac moderna jenis vaksin bukti aman bantu kebal tubuh"
"1466","Netral","oohh nama vaksin pakai astrazeneca sinovac"
"1310","Negatif","kalauaku kmren dosis sinovac pegal ayo rada pusing abs vaksin langsung tidak"
"1090","Negatif","alami reaksi pemantauan b"
"1008","Positif","sinovac tidak sakit tipe orang udah vaksin beda sih"
"1412","Positif","raja bangun pelan strategik bangun vaksin negara umum perdana menteri"
"534","Negatif","bahan utama vaksin sinovac dna babi serum bayi belum lahir hidup sedot bay"
"1296","Netral","kalauseifnya vaksin sinovac coba ngechat engkoh bantu nder"
"185","Netral","bingung vaksin sinovac astrazeneca enak"
"732","Netral","suasana vaksinasi selenggara ika universitas airlangga selenggara vaksina"
"34","Positif","astrazeneca vaksin pakai pfizer kalaudi indonesia tidak sih sinovac"
"129","Negatif","yaallah nonton konser vaksin sinovac"
"551","Negatif","vaksin sinovac tidak ln yakali vaksin ulang"
"839","Negatif","sayup dengar obrol buskrg vaksin sinovac tidak dgnti astrazeneca vaganza astrazeneca vaganza"
"1444","Netral","jadwal vaksin covid kota cirebon sedia dosis sinovac"
"895","Negatif","asline iki ultramen tpi mari vaksin sinovac kuat ilang v"
"282","Positif","nemu vaksin sinovac dosis"
"993","Netral","punten na vaksin ama vaksin beda kalausemisal vaksin ama sinovac tru"
"1113","Positif","tidak efek nya sih pusing gara lapar kaya vaksin sinovac ngomong ngomong"
"14","Netral","vaksin jenis sinovac pfizer langsung dateng rskh jatiasih temen"
"1384","Netral","ayo hadir gerai vaksin tnipolri dilakskan"
"399","Positif","alergi berat hipeensi kolesterol alhamdulillah vaksin sinovac lengkap baik sam"
"462","Positif","apresiasi antusiasme masyarakat vaksin presiden joko widodo tinjau laksana vaksin massal sorong"
"1051","Positif","validasi sinovac who bukti vaksin aman ruji mutu vaksin pulih bangsa"
"808","Netral","suasana vaksinasi selenggara ika universitas airlangga selenggara"
"994","Negatif","semangat banget kak iya yapantes hindarin sinovac negri"
"317","Negatif","duh bokap nyokap pakai sinovac pas kena covid otg tidak gejala temen pakai astrazeneca"
"729","Netral","cansino sputnik v indonesia jenis pfizer moderna johnson astrazeneca sinovac sinopharm beijing cansino sput"
"24","Positif","malaysia terima bekal ama vaksin coronavac liter hantar k"
"1101","Netral","asli dar"
"987","Positif","vaksin sinovac aku warga indonesia masuk australia"
"1188","Positif","remaja usia benar ambil vaksin jenis sinovac lepas kelulus kkm"
"440","Netral","langsung rumah sakit layan vaksin kak emang datang biar d"
"1193","Netral","walah sby kota moga dapet deh yak pas vaksin pakai pfizer"
"90","Positif","alhamdulillah rumah vaksin abah pfizer kakak istri astrazeneca me sinovac sehat"
"105","Positif","goh bak na taman sin far ipoh bawa ppv hospital pakar komuniti ipoh selamat terima suntik dosis ama vaksin"
"97","Netral","sd selesai beempat namang laksana p"
"676","Negatif","temen ku vaksin pfizer rata efek samping nya kayak sinovac doang bestie tidak imun terminal"
"338","Netral","layan vaksinasi vaksin sinovac dosis dosis kuo"
"934","Positif","nenek hipeensi minggu vaksin minum obat ht nya atur pola ma"
"393","Netral","informasi vaksin sinovac fase area pasuruan kota"
"704","Netral","vaksin covid bogor massal puskesmas kemang pakai sinovac masyarakat"
"954","Negatif","kumpul rumah bibi eh nyombongin vaksin sinovac moderna pfizer celetuk"
"408","Netral","vaksin jadwal camat ku belum rsud"
"55","Netral","dosis sinovac mulaitahun ktpdomisili bebas khusus pesea syarat vaksin"
"1473","Positif","vaksin pakai pfizer moderna efek pakai sinovac astrazeneca ndak"
"62","Positif","dokter bilang vaksin sinovac nya maju mundur"
"215","Netral","jenis vaksin astrazeneca sinovac"
"1052","Netral","nyobain astrazeneca kali astrazeneca kali pfizer vaksin sinovac kali sinovac kali moderna"
"1262","Netral","buka kak syarat pei vaksin"
"1411","Negatif","angkat tang sengaja nungguin vaksin pfizer timbang sinovac astrazeneca kabar vaksi"
"438","Netral","haha iyaa its okey kayak sinovac teknis kak baiklahh huhu"
"1142","Positif","am china sumbang juta dosis vaksin sinovac malaysia read more"
"601","Netral","keluarga beda merk vaksin sinovac adek pfizer astrazeneca kakak modern"
"244","Netral","belum vaksinasi silah rsud kanjuruhan kabupaten malang program vaksinasi covid jenis vaksin sinovac"
"920","Netral","bgr informasi vaksin sinovac besok tidak dosis makasii"
"892","Positif","raja china bersetuju derma tambah juta dosis tambah ribu sudah"
"18","Netral","proses manfaat vaksin sinovac lawan palsu vaksin"
"609","Netral","pahit manis ppv integrasi idcc shah alam beri vaksinasi samada vaksin"
"876","Positif","vaksin covid sinovac buat tiongkok remaja usia lengkap"
"1012","Netral","kalauvaksin ama sinovac vaksin pfizer tidak"
"1314","Positif","mnku sinovacpfizer vaksin sih"
"318","Positif","anggota polsek babelan laksana giat aman giat vaksinasi merdeka berani dosis selenggara"
"351","Positif","teliti booster vaksin pfizer bukti manjur sinovac"
"224","Netral","mjb kalauudah vaksin sinovac kali vaksin booster vaksin sinovac"
"818","Positif","jog tidak sih ambil vaksin sinovac tidak gejala apa sakit pegal enggasumpah enak banget dik"
"798","Netral","jenis vaksin sih bagus hallo sobat ksr uns ramai bincang jenis vaksin bagus"
"1368","Negatif","visa on arrival tidak nerima pakai vaksin sinovac fuck"
"356","Positif","angka efikasi sinovac peran wave junijuli kontra vaksi"
"493","Netral","faktor vaksin distribusi cepat pei hal sinovac bukan adu"
"785","Negatif","ribu dosis vaksin sinovac buang siasia aceh tenggara garagara warga"
"299","Negatif","pakai vaksin tugw alergi parah kek kiriruam gatel banget kek kanan tidak bn"
"1358","Netral","smp neger kaliwungu vaksinasi rentak pesea didik tonton video jangan lupa subscribe like com"
"755","Positif","aaa bangga salah vaccinator vaksin pfizersinovac astrazeneca selamat mesti"
"54","Netral","ayo vaksin"
"600","Negatif","kalausinovac gaboleh ln astrazeneca moderna parah banget efek yasuda pfizer winwin solutionnya"
"1035","Positif","validasi sinovac who bukti vaksin aman ruji mutu vaksin pulih indonesia"
"941","Negatif","asline dekar cuman bar vaksin sinovac dadi jurus reset kabeh"
"1266","Netral","w sinovac vaksin beda bedaa"
"552","Negatif","vaksin astrazeneca zeneca ou sinovac ou tidak efek samping samsek efek samping"
"1183","Netral","vaksin pfizer sinovac bagus"
"94","Netral","umum vaksinasi dosis sinovac laksana puskesmas pakis ditund"
"1372","Netral","ajar ajibata parsoburan dapat vaksin sinovac dosis i"
"286","Netral","vaksin bluetooth suppo tidak vaksin afiliasi bluetooth astrazeneca pfizer moderna kecuali"
"813","Positif","sbb sekolah nak bukak vaksin pfizer nak vaksin sinovac taknak pfizer pastu sis ka"
"115","Netral","goh bak na tinggal taman sin far bawa pusat beri vaksin ppv hospital pakar komu"
"1182","Negatif","copid tidak jrx vaksin sinovac"
"1002","Positif","alhamdulillah mama vaksin random lgsg telpon mama suruh vaksin doi lgsg puskes dekat"
"518","Netral","bep vaksin moderna sinovac"
"221","Positif","vaksin sinovac halal"
"152","Negatif","ais kasih vaksin kebal koped kalaulisa mah pakenya sinovac lisa doang larang"
"1361","Netral","bhabinkamtibmas kalurahan ngawu bripka prima back up kanit provost aiptu parjiman sambang monitoring aksa"
"564","Negatif","villagers in aceh indonesia refuse the vaccine and destroy the vaccination centre warga aceh ngamuk vaksinat"
"1286","Netral","jog informasi vaksin sinovac dosis udah vaksin dosis jogja gaes makasih banget"
"996","Positif","therapeutic goods administration vaksin sinovac astrazeneca masuk daftar vaksin covid"
"571","Positif","pharmaniaga bhd jamin bapa bahawa vaksin covid sinovac kanakkanak remaja"
"331","Netral","vaksin ama sinovac dosis ayo rek vaksinasi drive thru st"
"447","Netral","informasi link daftar jadwal vaksin dosis jenis pfizer sinovac bogor"
"1297","Positif","vaksin dapat sih sinovac efek tidak ngerasai apa kek o"
"684","Netral","just informasi teman vaksin atur mana i vaksin nya jangan"
"1203","Netral","informasi vaksin covid bogor sinovac dosis puskesmas nanggung"
"1156","Netral","pokok jarak vaksin sinovac astrazeneca"
"1365","Netral","informasi vaksin dosis jenis sinovac daerah tegal"
"51","Netral","bhabinkamtibmas kalurahan bleberan bripka suparyanta monitoring vaksinasi warga kalurahan bina upt puskesmas i"
"389","Netral","nama vaksin kek sinovac astrazeneca"
"485","Netral","iyayak indonesia tu mas kebnayakan sinovac astrazeneca moderna pfizer jarang"
"1059","Negatif","jenis vaksin i tau ku vaksin sinovac sakit"
"536","Negatif","uwong uwong ki ngopo le vaksin milih milih sing sinovac ngene loh astrea"
"205","Negatif","orang astrazeneca ngrasa superior sih tolong be kind people jangan orang sinovac"
"1244","Netral","guna vaksin sinovac golong remaja umur benar kp kesihatan"
"664","Negatif","ihh asli en vaksin sinovac tidak mana abis paksa moderna butuh"
"1186","Negatif","umur tau udah vaksin kali tinggal"
"700","Netral","vaksin covid bogor massal puskesmas kemang pakai sinovac dosis"
"197","Netral","wal vaksin coronavac samakh sinovac"
"726","Positif","alhamdulillah kali vaksin sinovac tidak efek sih kalaumodernaastrazeneca kayak lumaya"
"1430","Negatif","beneran apes deh kyknya vaksin sekolah dapet sinovac"
"1399","Netral","anggota koramil swl serda nuryadi laksana damping giat vaksinasi covid"
"769","Negatif","vaksin dosis sinovac huhu tt"
"1464","Netral","banget pas vaksin ama pakai sinovac"
"742","Negatif","habis vaksin dosis lupa na tenaga medis sih udah na s"
"556","Negatif","ora le lemah i jane ultramen bar suntik vaksin sinovac kuat ilang"
"386","Netral","vaksin vaksin sinovac vaksin vaksin jenis naikin lengan baju"
"762","Netral","barubaru malaysia ungkap hasil teliti efektivitas vaksin sinovac pfizer astrazeneca"
"917","Netral","pesea dosis lebih terima dosis sinovaccoronavac pasti bawa kau vaksin"
"644","Netral","kapolsek kanit bimas kanit intel bhabinkamtibmas polsek srandakan bintara trecer polsek srandakan monitoring"
"984","Negatif","siapsiap umrah jangan lupa vaksin jangan sinovac arab produk cina arab saudi long"
"752","Negatif","bahhh berai vaksin sinovac berlaku takut pas tolak edar kabar vaksin sinovac tidak"
"222","Netral","warga kabupaten bandung ayo vaksin ikut vaksinasi massal selenggara pemerintah kabupaten bandung l"
"1125","Negatif","sih ribet vaksin sih selaen vaksin covid dibombardis vaksin bcg kali kali campak"
"1392","Netral","beda vaksin sinovac astrazeneca"
"310","Netral","vaksin nder sinovac as kalausinovac jarak kalauastrazeneca jarak"
"1120","Netral","ltinfo vaksin dinkes kota tegalgt sinopharm moderna dosis sinovac dosis"
"481","Netral","efek dirasain vaksin klau moderna sinovac sih"
"831","Netral","tim riset indonesia adakan teliti sampel manusia vaksin vaksi"
"1238","Positif","tu janji budak sekolah nak vaksin dghisham cakap remaja"
"646","Positif","indonesia terima datang vaksin covid juta dosis vaksin sinovac"
"782","Negatif","asline ki ultramen bar vaksin sinovac kuat ilang"
"988","Positif","dosis vaksin sinovac laksana vaksin covid pmi kabupaten sragen"
"1261","Positif","kini bersetuju kelulus syarat guna vaksin keluar sinovac lif"
"1344","Positif","china sumbang juta dosis vaksin covid coronavac sinovac tambah malaysia dasar persaha"
"865","Negatif","mbak demam lemes nyuruh nyuruh aku capek gilir vaksin dapet sinovac alhamduli"
"330","Negatif","tidak vaksin ama astrazeneca sinovac trauma banget abis vaksin astrazeneca rada nyiksa"
"98","Netral","cak ayo vaksin sinovac dosis ndek gressmall ikut vaksin ama sinovac ta a"
"76","Netral","jadwal vaksin covid tangerang selatan jenis sinovac dosis"
"883","Netral","sinovac taon sesuk vaksin neh"
"1021","Netral","nitip kalauada informasi vaksin dosis sinovac kitar sukamulya tidak domisi"
"932","Netral","laksana gerai vaksinasi presisi tahap vaksin sinovac laksana polsek rambutan camat rambutan kota"
"612","Netral","ohhh lokasi nya belum coba deh na terkahir vaksin"
"693","Netral","tementemen informasi vaksin sinovac kalauada infoin yakk bantu temen nyariin soale"
"619","Netral","zen catat surat keteranganp dokter tidak terima vaksin sinovac astrazeneca"
"758","Positif","batuk udah bulan dalam vaksin sinovac nder tawa"
"1352","Positif","china sumbang vaksin sinovac malaysia"
"471","Netral","tidak nder ngulang vaksin kalauvaksinnya sinovac jrk vaksin k"
"435","Netral","vaksin jenis graph sibu case spike vaksin jenis sinovac didn"
"1153","Netral","ndes vaksin ama vaksin langsung auditorium unnes sekar jenis v"
"161","Negatif","sinovac bukan vaksin dosis pegal banget tang vaksin ama tidak pegal"
"337","Netral","efektif sinovac guru guru jakaa vaksin booster unt"
"2","Positif","vaksin sinovac vaksin indonesia lawan palsu vaksin"
"95","Netral","informasi vaksin malang dosis sinovac makasih komen gkb"
"587","Negatif","vaksin sinovac kepala pusing banget"
"372","Negatif","pahit manis ppv integrasi idcc shah alam beri vaksinasi"
"878","Positif","hitung sentra vaksinasi l jakaa layan beri vaksin dosis jenis"
"1479","Netral","buka daftar vaksinasi depok periode jenis vaksin sin"
"272","Netral","iya awal vaksin dpet nya sinovac menu makan pilih pi"
"851","Netral","yth segenap warga ngestiharjo saudara warga domisili ngestiharjo belum vaksinasi covid kuti"
"15","Positif","suntik vaksin sinovac sekolah alhamdulillah sehat pei hadeh orang"
"218","Negatif","mu kontaminasi kandung vaksin bahaya nyawa manusia tinggal akibat vaksin mas"
"1417","Netral","klinik udah tidak ngelayanin vaksin cari informasi vaksin pmi deket sinova"
"1270","Netral","syarat vaksin covid bogor sinovac puskesmas cangkurawok besok cek info"
"698","Positif","vaksin sinovac dosis pulang bawa sembako gratis royal plaza indonesia"
"573","Netral","vaksin covid lupa baca biofarm produks"
"314","Netral","wal bevaksin kali vaksin ama tu sinovac dasar astrazeneca kah s"
"354","Netral","informasi vaksinasi setiajaya toyota cimanggis depok periode jenis vaksin"
"1309","Netral","istri vaksin ama covid sinovac dokumentasi video youtube s"
"124","Netral","sdf rek informasi vaksin dosis sinovac area waru"
"1065","Netral","kkm lulus syarat guna vaksin coronavac keluar sinovac remaja"
"1190","Positif","pbkd sar guna sinovac kalangan remaja usia utama"
"977","Positif","putus lepas awal selia ubat negara benar lancong ajar asing"
"677","Netral","sinovac affa hotline informasi bagitau klinik vaksin teentu te"
"545","Positif","vaksin sinovac selamat kanakkanak pharmaniaga"
"530","Netral","informasi vaksin sinovac dosis catat a jangan lupa bawa syarat"
"777","Negatif","mohon maaf istri vaksin sinovac thp d gor delta sidoarjo"
"1369","Netral","halo sobat polri masyarakat sekoharjo sapa belum vaksin klinik param"
"379","Netral","ayo baca daftar negara izin wisatawan vaksin sinovac indonesia tidak"
"132","Positif","vaksin sinovac senjata utama republik indonesia penangana pandemi karantina republik indonesia in"
"964","Positif","indonesia gilir malaysia izin vaksin sinovac remaja baca lengkap"
"297","Positif","presiden jajar pemerintahan public figure nakes mostly vaksin sinovac and it helps so bilang"
"711","Netral","vaksin dosis sinovac kouta dimnaa"
"582","Netral","halo sahabat rumah sakit baptis batu jadwal pesea vaksin c sinovac tunda ayan"
"496","Netral","vaksinasi merdeka rentak pesantren rumah ibadah laksana ber"
"566","Netral","sopo sing butuh informasi vaksin dosis sinovac ndes balas dm"
"1049","Netral","rapopo vaksin sinovac timbang astrazeneca daihatsu opo moderna modarne"
"37","Negatif","reuni duo alumni waawan senior tempo dahlan iskan vaksin sinovac mall full youtube"
"461","Netral","pakai sinovac sinovac nnti booster nder kali suntik efektinya sdgkan pfiz"
"848","Positif","jenis vaksin sinovac buka usia sintas covid"
"1410","Netral","halo depok citayem raya informasi vaksin sinovac banget citayam center lgsg cus k"
"383","Negatif","tetiba announce offline conce pastuuu intl gemar join kecuali vaksin sinovac je join k"
"6","Netral","jog informasi vaksin sinovac kalauboleh lengkap mesti bawa lokasi vaksin a"
"754","Negatif","cerita igsnya vaksin sinovac tidak diakuin france anggap belum vaksin tr"
"11","Negatif","pasca vaksin sinovac dosis bulan kontak terkonfirm"
"89","Negatif","kalauvaksin astrazeneca jeda vaksin banget ade sinovac skrng udah vaksin duluan belum"
"1033","Netral","akuu vaksin pfizerbiontech kalautidak pakai sinovac gapapa banget inti j"
"363","Positif","babinsa koramil margorejo u masgito bripka yusup catur gunawan laksana damping vaksinasi jenis"
"1167","Netral","jog informasi vaksin dosis sinovac dosis d jogja jadwal dosis nya besok"
"939","Netral","rapopo vaksin sinovac timbang astrazeneca daihatsu opo moderna modarne d"
"10","Netral","informasi vaksin sinovac luar bandung kalauada jadwal vaksin besok gas terima kasih"
"898","Negatif","selamat maaf seifikat vaksin dosis tidak app peduli lin"
"1402","Positif","solusi nya app halodoc sih daftar vaksin sinovac astrazeneca pfize"
"392","Netral","beempat panti sosial asuh anak psaa putra utama warga bina panti sosial bina remaja psbr terminal"
"214","Netral","vaksin astrazeneca sinovac"
"1273","Netral","kak maaf orang taiwan vaksin sinovac tidak"
"549","Negatif","nyesel vaksin pakai sinovac tidak ln wow"
"365","Netral","vaksinasi presisi lokasi desa batulayar barat desa lembah sari des"
"1467","Positif","vaksin dosis ama sinovac done"
"1029","Netral","informasi vaksin covid bogor sinovac dosis puskesmas purwasari kuota"
"16","Netral","vaksin sinovac mana"
"140","Netral","informasi wajib baca giat vaksinasi masyarakat berlaku warga"
"1398","Positif","moga cepat capai herd immunity"
"593","Negatif","tim riset indonesia efikasi vaksin covid sinovac turun persen beri booste"
"1062","Netral","gin gin udah vaksin jenis sinovac bawah"
"21","Positif","mas dapat sinovac kmren murid vaksin dapat pei mdern kipi nya"
"999","Netral","euy na kalauvaksin bagus sinovac pfizer"
"701","Positif","komando distrik militer slm bekerjasama dinkes kabupaten sleman ugm aparat kait stakeholder mela"
"783","Netral","daftar vaksin sinovac klinik polresta bandung silah klik link bawah"
"167","Negatif","wkwk ajg twit ngomong nyari thread vaksin akun buzzer anti vacc block ngetwit doang wow"
"1394","Negatif","efek vaksin sinovac tidak enak badan ku sakit pegal mual"
"233","Negatif","rasah kakean cangkem asline ki ultramen bar vaksin sinovac kuat ilang"
"594","Positif","aikel kubaca sinovac kondisi emergency b"
"1084","Netral","vaksin pakai sinovac"
"558","Netral","polsek kedungwaringin pkm kedungwaringin gelar vaksinasi tahap vaksin jenis sinovac halaman mako"
"1380","Negatif","mjb kalausinovac enteng sih tang pegal vaksin astraz"
"1340","Netral","kota surabaya vaksinasi gelar lapang thor kompleks gelora pancasila target dosis va"
"241","Positif","sinovac vaksin belum"
"250","Netral","vaksin sinovac"
"843","Netral","informasi vaksin covid massal bogor puskesmas cinagara pakai pfizer sinovac"
"799","Netral","pemerintah stok vaksin covid produsen vaksin beli pemerintah terminal"
"391","Netral","butuh vaksin dosis astrazeneca sinovac langsung"
"788","Positif","ayo vaksin moderna dosis astrazeneca dosis sinovac dosis biddokkes polda kepri"
"437","Positif","oalah kalah orang desa kayak alhamdulillah kali vaksin sinovac tidak efek biasa"
"1217","Netral","bgr vaksinasi grastis warga bogor daftar online langsung dosis"
"588","Positif","putus australia aku vaksin sinovac angin segar wisatawan internasional asal asia te"
"113","Netral","hello nd dose adik ubah bacc kakak ampang ada bacc khas vaksin"
"925","Positif","produk sinovac jenis vaksin covid lulus raja malaysia guna tidak"
"373","Netral","pimpin ipda edward daniel m kanit reskrim polsek kedungwaringin pkm karangsambung aparat desa"
"927","Positif","temenn asma vaksin sinovac"
"947","Negatif","ki asline iron man bar vaksin sinovac kuat ilang makane dadi rapuh kek ngeneki"
"1063","Negatif","vaksin sinovac ngantuk tidak ilang"
"864","Negatif","rasah kakean omong ki asline ultramen bar vaksin sinovac kuat ilang"
"868","Negatif","vaksin sinovac sok tas lu"
"1134","Negatif","hallo vaksin dosis sinovac vaksin ulang guna"
"1354","Positif","china sumbang juta dosis vaksin covid coronavac sinovac tambah malaysia dasar pers"
"731","Positif","habis covid udah vaksin lt baik udah sinovac modern"
"870","Positif","vaksin sinovac alhamdulillah tidak sih nder pegal bagi suntik bentar tidak smpe hari hehe"
"789","Netral","ayo vaksin sd selesai aula camat guntur kabupa"
"275","Netral","hallo sahabat humas ayo vaksin sinovac dosis dosis aztrazeneca dosis moderna dosis mako"
"580","Netral","cek peduli lindung pke vaksin sinovac astrazeneca sinopharm"
"1304","Netral","sd islamic center brebes vaksinasi"
"1321","Positif","vaksin sembuh bangsa validasi sinovac who bukti vaksin aman ruji mutu"
"1405","Netral","serbu vaksin covid tni wilayah karamil pucakwangi jenis sinovac dosis puskesmas pucakwangi i"
"353","Netral","vaksin astrazeneca sinovac dosis langsung tancap gas preston yaaaa"
"768","Negatif","vaksin atuh om jack kalaugini dapet sinovac massal a"
"625","Negatif","habis vaksin sinovac ama efek ngantuk vaksin laper en gado kebab es soda gembira es goder"
"378","Netral","unit binmas pimpin panit binnas aiptu parjiati babhinkamtibmas gayamharjo prambanan sleman laksana pe"
"957","Netral","a.."
"1385","Negatif","relevan video tambah pfizer moderna jabat percaya sinovac"
"657","Netral","sinovac kayak tetangga vaksin bhayangkara tidak acara"
"653","Positif","pearuhan jenius tim diplomasi longterm baik"
"411","Netral","benar soalny vaksin sinovac kah"
"670","Negatif","tteh pakai vaksin astrazeneca tidak gejala kek pegal tang abis suntik sam"
"504","Negatif","yakin ckp kali"
"1377","Positif","them boys still debating whether get asta sinovac pfizer kecuali medis tidak rekomendasi"
"1400","Netral","serbu vaksin covid tni wilayah koramil cluwak jenis vaksin sinovac dosis orang wa"
"1100","Netral","asli d"
"1260","Netral","vaksin kelulus syarat lepas guna cominay keluar pfizerbiontech"
"1349","Netral","aljazair resmi lini produksi vaksin covid sinovac"
"1028","Negatif","tidak salah bpom banget belum tuju guna vaksin sinov"
"1342","Netral","daftar vaksin sinovac klinik polresta bandung jlbhayangkara soreang"
"1057","Negatif","vaksin sinovac vaksin moderna kalaua"
"688","Positif","ngomong ngomong pikir pikir syukur indonesia vaksin utama dosis banyak sinovac cerita temen s"
"239","Netral","mohon maaf orang orang vaksin pas sinovac lu vaksin biar ma"
"1102","Netral","asl"
"202","Netral","halo sahabat rumah sakit baptis batu jadwal pesea vaksin c sinovac tunda ayan dosis"
"324","Netral","vaksin sinovac oke lemesin lengan bismillah kak nakes suntik vaksin lengan"
"173","Positif","alhamdulillah vaksin dosis ama desa sebelah sinovac suami adik ipar sbg apara"
"1079","Positif","akuu asma ambil sinovac jujur vaksin ama vaksin dada kaya b"
"967","Negatif","asli pabrik vaksin kadaluarsa ijin darurat bpom d"
"1018","Negatif","kipi vaksin pfizer tidak kalah moderna gila apaa sinovac kayanyaa air tubuh w saking gabereaksinya"
"512","Negatif","sumpah vaksin moderna dapetnya mana siiiiih jwb tolong tidak vaksin sinovac m"
"637","Netral","vaksin skuyy"
"986","Netral","vaksin sinovac"
"225","Netral","halo vaksin sinovac dosis udah tidak terima kasih"
"1471","Negatif","kalauke eropa tau ku tidak terima vaksin sinovac sana vaksin ulang iya mimpi"
"775","Netral","daftar vaksin sinovac klinik polresta bandung jlbhayangkara soreang sil"
"1166","Positif","remaja usia benar ambil vaksin jenis sinovac lepas kelulus kkm"
"1148","Netral","vaksin sinovac wkwkwkwkk dapet sisa kuota dosis kampus barusan banget"
"101","Positif","hah vaksin bukan sinovac remaja sinovac"
"1243","Netral","guna vaksin sinovac golong remaja umur benar kp kesihatan"
"519","Positif","masyarakat desa dawuhan serbu vaksin sinovac"
"20","Netral","asal puskesmas nas sehat kota ambon tim tni jenis vaksin sinovac astr"
"60","Netral","gerai vaksin camat pondok gede lokasi vaksinasi balai warga sigma rw lurah jatimakmur giat vaksin p"
"193","Netral","cirebon informasi vaksin kota cirebon giat laksana abuh cirebon te"
"531","Netral","serka budi suwao babinsa krebet laksana giat komsos pemantauan vaksin dosis pesea jenis vak"
"349","Netral","orang ikut vaksin pfizer tahap orang ikut vaksin sinovac tahap ama gedung s"
"713","Netral","informasi vaksin sinovac pfizer bogor masyarakat catat lokasi"
"529","Negatif","vaksin sinovac dosis ngantukan gin emang capek sih"
"634","Negatif","suka pilihpilih vaksin hayo ngaku awalawal en nungguin vaksin a"
"69","Netral","serda kokok juang nadili babinsa desa poleng laksana giat damping serbu vaksin covid dosis l tah"
"52","Netral","vaksin sinovac vaksin indonesia simak manfaat vaksin lawan palsu vaksin"
"293","Netral","vaksin nya sinovac kak hah"
"763","Negatif","tambahin sebab demo thailand udah vaksin"
"332","Negatif","yup prancis belum aku vaksin sinovac"
"879","Negatif","rasah kakean cangkem ki asline untramentp bar vaksin sinovac wingenane kuat ilang"
"611","Netral","vaksin covid sinovac gratis sentul catat syarat tanggal"
"1476","Netral","catat jadwal suntik vaksin sinovac pfizer dosis stadion pakansari bogor"
"511","Netral","layan vaksinasi dosis sinovac vaksin ama berlaku masyarakat"
"1073","Netral","jenis vaksin sinovac"
"887","Negatif","sekedar butuh seifikat pakai sinovac tidak percaya vaksin ribet"
"1325","Netral","oyi vaksin sinovac dosis udah tiket pedulilindungi balas khusus dom mlg"
"849","Netral","informasi vaksin massal pfizer sinovac bogor sedia kuota"
"779","Netral","daftar vaksin sinovac klinik polresta bandung jlbhayangkara soreang"
"1223","Netral","kkm lulus guna vaksin keluar sinovac remaja berita hari"
"1111","Positif","dosis vaksin sinovac laksana vaksin covid pmi kabupaten sragen rab"
"1303","Negatif","akibat amuk wargaterjadi rusak posko gerai vaksin vial vaksin dosis vial va"
"845","Netral","buka jangka"
"1281","Netral","sila daftar link sedia kuota formulir otomatis teutup"
"938","Netral","babinsa koramil kms serda baiwa bakri laksana giat damping pengaw"
"405","Negatif","informasi vaksin malang ooo kak astrazeneca sinovac dosis informasi vaksin rumah clueless"
"671","Positif","vaksin tahap sinovac alhamdulillah sehat sehat"
"1481","Netral","jog informasi vaksin sinovac vaksin nya y cek igtwt nya infovaksindiy belum update"
"141","Netral","komando distrik militer sleman bekerjasama aparat kait stakeholder laksana serbu"
"1126","Negatif","vaksin nder sinovac iya laper ngantuk"
"361","Netral","jenis vaksin sinovac astrazeneca moderna"
"491","Netral","besok vaksin kabupaten bandung stadion jalak harupat gaiss dosis pakai sinovac"
"524","Netral","ketua arah kesihatan tan sri noor hisham abdullah umum bahawa kuasa ubatubatan dc"
"886","Netral","nyata akhbar menteri kesihatan kuasa kawal dadah bermesyuarat m"
"565","Negatif","oxford astrazeneca pfizer biontech moderna janssen kayak sinovac mesti udah vaksin booster dul"
"420","Netral","ayo vaksin informasi vaksin banjarmasin jadwal dosis sinovac informasi"
"720","Negatif","pesawat positif loh mas"
"901","Negatif","jangan vc sakit hahahahahahaha ngetawain gegayaan vaksin mode"
"897","Netral","sinovac ngomong ngomong kalauabis vaksin antigen hasil reaktif tidak sih"
"1474","Netral","karanganyar u purwanto babinsa desa karangmojo koramil tasikmadu laksana peng"
"1442","Netral","hallo kuys belum vaksin lho vaksin rumah sakit uns dosis"
"428","Netral","cek fakta edar kabar indonesia tipu china pakai vaksin sinovac simak fakta"
"1472","Netral","vaksin sinovac pfizer astrazeneca kesan cegah urang sakit mati kal"
"1440","Netral","iya msh timbang autoimun tahun tidak flare up konsul pupu dokter"
"1326","Netral","lur fess informasi vaksin sinovac dosis solo"
"1152","Netral","informasi vaksin banjarmasin informasi puskesmas kapur raya banjarmasin besok vaksin sinovac l"
"608","Negatif","vaksin sinovac tidak efek abis vaksin lari siklus haid mundur banget kirain positif"
"342","Netral","efektif sinovac guru guru jakaa va"
"178","Positif","situbondo antusias masyarakat situbondo serbu vaksinasi covid dosis jenis vaksin sinovac"
"1016","Netral","informasi vaksin sinovac dosis puskesmas tenjo anak usia"
"1019","Netral","informasi vaksin pfizer sinovac bogor sasar masyarakat usia"
"316","Netral","buka layan vaksin jenis sinovac halaman mako polsek kedungwaringin pkm kedungwaringin relawan va"
"1408","Netral","damping giat danramil babinsa koramil kayen beempat puskesmas kayen kabupaten pati"
"1421","Positif","yampun abis vaksin lgsg rebah hari makan dahal sinovac dahal tidak efek sugesti"
"480","Negatif","sesal pas ditawarin ibu pkm boster po mbak tidak papa nek in"
"562","Netral","ipda wasirin bhabinkamtibmas anggota laksana aman giat vaksinasi tahap vaksin jenis"
"1483","Netral","serbu vaksin kalurahan srimaani kapanewon piyungan kuota dosis sinovac syarat warga srimaani usia"
"1020","Netral","informasi vaksin dosis sinovac daerah sukamulya kabupaten tangerang bestie kalaubisa tidak mandang domisili s"
"631","Netral","vaksin sinovac"
"474","Negatif","bukan tu mentioned ramai mati sbb vaksin sinovac tk mati lak brap"
"1357","Negatif","vaksin sinovac ngerasain pegal"
"944","Negatif","vaksin sinovac lengenku kemeng mendae kenek astrazeneca"
"871","Netral","wajar vaksin ngomong ngomong sinovac"
"1272","Netral","ayo hadir gerai vaksin tni polri laksana w"
"116","Negatif","sinovac sinopharm inactivated whole virus ukur lab srbd"
"1350","Netral","kapolsek bulu akp banuari pantau cepat vaksin sinovac dosis i i sasar lansia a masyarakat"
"697","Netral","informasi vaksin dosis sinovac malang kota terimakasih"
"110","Netral","nder oot adek vaksin sinovac covid udah vaksin k"
"1159","Netral","informasi vaksin banjarmasin informasi puskesmas kapur raya banjarmasin besok vaksin sinovac bi"
"602","Negatif","yes yes kalangan tengah bawah rewel urus takut baik prevent than never k"
