"word","freq"
"…",373
"isu",321
"remaja",272
"pasal",256
"heboh",254
"kononnya",254
"syncop",254
"jangkitan",205
"diterima",193
"fungsi",190
"iaitu",189
"risiko",189
"mengurangkan",188
"elak…",170
"nak",168
"vaksinasi",147
"covid",145
"reti",121
"base",118
"meroh",118
"sinovac",112
"dosi",94
"antivak",72
"vacc",72
"tegar",68
"ani",66
"burukkan",66
"sahaja",66
"issue…",65
"kerajaan",63
"antivaksin",63
"g…",60
"hok",60
"juta",59
"plok",59
"terima",58
"dana",55
"kajian",55
"bayangkan",54
"melibatkan",54
"penyelidikan",54
"uitm",54
"rm…",53
"utk",53
"tidak",52
"bandung",51
"•",48
"kota",45
"indonesia",45
"moderna",42
"dapatkan",40
"orang",39
"pfizer",38
"nya",38
"pergi",38
"anakanak",37
"approach",36
"ask",36
"man",36
"process",36
"salam",36
"stateless",36
"ybm",36
"after",36
"dijangka",36
"explain",36
"hantar",36
"pantaulah",36
"parent",36
"sebar…",35
"jab…",35
"tni",33
"masyarakat",33
"belum",33
"pelajar",30
"warga",29
"bukan",28
"efikasi",28
"persen",28
"kalo",27
"informasi",26
"puskesma",26
"dilaksanakan",26
"ayo",26
"udah",25
"wargi",24
"antivax",24
"kak",24
"cek",23
"peama",23
"pulak",23
"diterima…",23
"ambil",23
"marah",23
"diselenggarakan",23
"anggota",22
"perlindungan",22
"dah",21
"v…",21
"astrazeneca",21
"gerai",21
"kes",21
"beda",20
"polsek",20
"polri",20
"hadiri",20
"silakan",19
"booster",19
"vaksinnya",19
"divaksin",19
"tahap",19
"mati",19
"alpha",19
"delta",19
"kesimpulan",19
"varian",19
"program",18
"kena",18
"penyinta",18
"tersedia",18
"umi",18
"melaksanakan",18
"neutral",18
"taliban",18
"kabupaten",18
"massal",18
"dos",17
"gak",17
"pemerintah",17
"kab",16
"koramil",16
"bogor",16
"menurun",16
"takut",15
"info",15
"ambik",15
"desa",15
"memiliki",15
"solok",15
"pake",15
"tuhan",15
"amik",14
"disesuaikan",14
"aman",14
"virus",14
"amerika",14
"serikat",14
"kerja",14
"org",13
"logistik",13
"duduk",13
"rsud",13
"masuk",13
"tgl",13
"pendaftaran",13
"usia",13
"sinovac…",13
"daftar",13
"diklaim",13
"cari",12
"hayu",12
"kanjuruhan",12
"malang",12
"monggo",12
"btl",12
"duk",11
"anti",11
"nder",11
"karanganyar",11
"serbuan",11
"apapun",11
"lengkap",11
"dibuka",11
"d…",11
"astra",11
"keluarga",11
"p…",11
"besok",11
"babinsa",10
"selesai",10
"kesehatan",10
"tergantung",10
"kedatangan",10
"bhabinkamtibma",10
"jangan",10
"efek",10
"baca",10
"pilih",10
"seifikat",10
"depok",10
"aefi",10
"sentra",9
"menyediak…",9
"langsung",9
"deh",9
"alumni",9
"hadir",9
"mahasiswa",9
"teruntuk",9
"menyediakannya",9
"petuga",9
"sih",9
"emang",9
"elakk…",9
"penggunaan",9
"period",9
"dpt",9
"kanit",9
"fitnah",9
"kumpul",9
"sakit",9
"percaya",9
"wajib",9
"inti",8
"makan",8
"dina",8
"tim",8
"dapet",8
"mengik…",8
"sdh",8
"koptu",8
"yayan",8
"kau",8
"menerima",8
"sa…",8
"jadwal",8
"pas",8
"tubuh",8
"iya",8
"imun",8
"link",8
"badan",8
"rumah",8
"ajal",8
"kuasa",8
"maut",8
"airlangga",8
"ika",8
"suasana",8
"universita",8
"menteri",8
"biar",7
"vaksi…",7
"yuk",7
"sehat",7
"ganti",7
"pendampingan",7
"kedungwaringin",7
"b…",7
"ikuti",7
"okt",7
"cepat",7
"vak…",7
"banget",7
"pilah",7
"coronavac",7
"coba",7
"for",7
"s…",7
"member",7
"mcm",7
"sea",7
"kesihatan",7
"leh",7
"sbb",7
"kuce",7
"tidak…",7
"mengadakan",7
"polresta",7
"transma",7
"yasmin",7
"bodi",7
"diam",7
"kesah",7
"risk",7
"takp",7
"c…",7
"vaksina…",7
"kata²",7
"pecaya",7
"terpaksa",7
"urusan",7
"dink",6
"serka",6
"da…",6
"m…",6
"binaan",6
"disuntik",6
"giat",6
"pengamanan",6
"stok",6
"daerah",6
"diorang",6
"berusia",6
"jakaa",6
"gimana",6
"anj",6
"ktp",6
"polr",6
"nanya",6
"susah",6
"beredar",6
"kecamatan",6
"it…",6
"kat",6
"halal",6
"lindungi",6
"mesti",6
"ajar",6
"best",6
"pdpr",6
"relak",6
"umh",6
"btw",6
"beduk",6
"laksanakan",6
"sei",6
"vaksinasimerata",6
"srandakan",6
"kontak",6
"bekasi",6
"kepala",6
"bona",6
"dawon",6
"eunseo",6
"seola",6
"wjsn",6
"yeoreum",6
"jalan",5
"degil",5
"cakap",5
"manusia",5
"and",5
"effect",5
"guy",5
"ambon",5
"bera",5
"dgn",5
"jenawi",5
"satpo…",5
"suntikan",5
"tangan",5
"bripka",5
"negara",5
"seu",5
"wilayah",5
"kegiatan",5
"dosi…",5
"blm",5
"imunisasi",5
"baiknya",5
"pilahpilih",5
"kekebalan",5
"l…",5
"salingbantuvaksin",5
"situbondo",5
"bagus",5
"kec",5
"apaa",5
"budak",5
"takd",5
"j…",5
"jenis…",5
"klinik",5
"syarat",5
"anak",5
"pemberian",5
"covid…",5
"cilodong",5
"undangan",5
"smpn",5
"panti",5
"sosial",5
"malaysia",5
"dip…",5
"beli",5
"fikir",5
"tuli",5
"snvc",5
"kkm",5
"sabang",5
"data",5
"ppv",5
"covi…",5
"ramai",5
"kali",5
"panadol",5
"dayo…",5
"yeonjung",5
"bdg",4
"moch",4
"pabrik",4
"palasari",4
"sept…",4
"toha",4
"dok",4
"astr…",4
"cepet",4
"jarak",4
"rangka",4
"sambut",4
"suka",4
"yg…",4
"bingung",4
"dimana",4
"penyakit",4
"dikasih",4
"cmiiw",4
"tubuhnya",4
"abi",4
"alhamdulillah",4
"kodim",4
"kuota",4
"total",4
"baik",4
"va…",4
"gini",4
"video",4
"teentu",4
"vaksinbandung",4
"vaksincapaikek…",4
"tanah",4
"kayak",4
"trus",4
"lisa",4
"kerjanyataah…",4
"tambahan",4
"bina",4
"t…",4
"vaccin",4
"memili…",4
"ngomongin",4
"harini",4
"igt",4
"meja",4
"semalam",4
"share",4
"tip",4
"ttg",4
"setau",4
"frizer",4
"advr",4
"crnv",4
"mengkonsumsi",4
"mrna",4
"snph",4
"sptnk",4
"utuh",4
"vektor",4
"sma",4
"udh",4
"demam",4
"kapolsek",4
"merauk",4
"kelurahan",4
"bpom",4
"kipi",4
"surat",4
"tsb",4
"setauku",4
"who",4
"cucuk",4
"peduli",4
"dibenarkan",4
"sekolah",4
"pelaksana",4
"cuba",4
"tengok",4
"ketiga",4
"tmpt",4
"smua",4
"dki",3
"side",3
"term",3
"kuat",3
"menolak",3
"beragam",3
"kea",3
"fakta",3
"kantor",3
"danrem",3
"wbr",3
"kodimenrekangkoramil",3
"pe…",3
"but",3
"la…",3
"monitor",3
"pelaksana…",3
"pilihan",3
"vaks…",3
"mengandung",3
"menyediakan",3
"berdasarkan",3
"haono",3
"serma",3
"sinovak",3
"woyo",3
"kaya",3
"airlanggauntukkita…",3
"ikutan",3
"laporan",3
"pelaksanaan",3
"sasaran",3
"nggak",3
"pimpin",3
"turi",3
"maaf",3
"a…",3
"tweep",3
"bentuk",3
"pfizer…",3
"pesea",3
"liat",3
"dunia",3
"mari",3
"yok",3
"dasarnya",3
"heran",3
"herd",3
"immun",3
"corona",3
"kebal",3
"sobat",3
"alasan",3
"menunggu",3
"melayani",3
"jgn",3
"selamat",3
"membawa",3
"ktk",3
"nan",3
"influenza",3
"mencegah",3
"campuran",3
"gabungan",3
"kaedah",3
"membenarkan",3
"penggalak",3
"temenku",3
"klik",3
"twit",3
"web",3
"pkm",3
"relawan",3
"merdeka",3
"taknak",3
"pen…",3
"pkl",3
"lokasi",3
"izin",3
"seb…",3
"ipda",3
"siswa",3
"yah",3
"be…",3
"dose",3
"drpd",3
"dubai",3
"knp",3
"thank",3
"uae",3
"writeup",3
"mengalami",3
"sin…",3
"mention",3
"kit",3
"test",3
"jugak",3
"hewan",3
"suntik",3
"hrs",3
"sibuk…",3
"nok",3
"benda",3
"pakai",3
"sop",3
"bawa",3
"sikit",3
"bodo",3
"ipoh",3
"ramuan",3
"sel…",3
"mengajak",3
"bima",3
"bintara",3
"intel",3
"monitoring…",3
"trecer",3
"berbeda",3
"krn",3
"u…",3
"sinopharm",3
"trs",3
"dihubungi",3
"edukasi",3
"peanyaannya",3
"karna",3
"salah",3
"terbuka",3
"gencarkan",3
"agenda",3
"mela…",3
"nik",3
"merek",3
"cilacap",3
"meninj…",3
"ajor",3
"meh",3
"senang",3
"beneran",3
"azmi",3
"beindak",3
"datuk",3
"ghazali",3
"noor",3
"pasukan",3
"pengerusi",3
"picka",3
"kna",3
"obeseasmagerd",3
"pandem",3
"pene",3
"doang",3
"sembang",3
"iso",3
"grati",3
"yodi",3
"cth",3
"hai",3
"auditorium",3
"ndes",3
"sekaran",3
"unn",3
"proteksi…",3
"pa…",3
"menipu",3
"sijil",3
"aceh",3
"jenismerk",3
"penyebutan",3
"gangguan",3
"harapan",3
"lara",3
"odgj",3
"psbl",3
"sentosa",3
"pam",3
"eua",3
"jenawi…",3
"koramiljenawi",3
"satpolpp",3
"lakgiat",2
"sukodono",2
"bukanberitabiasa",2
"hamil",2
"pemprov",2
"sediakan",2
"sindonew",2
"harap",2
"long",2
"not",2
"which",2
"khalid",2
"mat",2
"xmau",2
"faham",2
"ckp",2
"pro",2
"geng",2
"pagar",2
"bangang",2
"pastikan",2
"apaapa",2
"profesor",2
"baraka",2
"enrekang",2
"adik",2
"then",2
"maiwa",2
"kalurahan",2
"hadeh",2
"kenali",2
"lebakuniqu",2
"visitlebak",2
"gapapa",2
"serda",2
"pspbervaksin",2
"tenang",2
"wbp",2
"rifai",2
"kejadian",2
"pasca",2
"pati",2
"infonya",2
"membantu",2
"terbukti",2
"gedung",2
"peikai",2
"pon",2
"aneka",2
"gerak",2
"upaya",2
"membangun",2
"sistem",2
"berita",2
"normal",2
"memilah",2
"repost",2
"me…",2
"antibodi",2
"bikin",2
"fungsinya",2
"pilihpilih",2
"sehari",2
"target",2
"yaa",2
"menteng",2
"pusat",2
"ja…",2
"bajet",2
"deep",2
"memana",2
"peh",2
"semayang",2
"ternampak",2
"sedhereksedherek",2
"balimo",2
"butuh",2
"kayaknya",2
"mas",2
"bgini",2
"dibikin",2
"ribet",2
"woey",2
"biofarma",2
"menu…",2
"berani",2
"emg",2
"gue",2
"skrg",2
"nomermu",2
"pedulilindungi",2
"diberangkatkan",2
"halim",2
"lanud",2
"pesawat",2
"skadron",2
"tenaga",2
"udara",2
"aneh",2
"galeri",2
"hanafi",2
"studio",2
"kucingku",2
"yee",2
"asyifa",2
"rsia",2
"pengennya",2
"cocok",2
"dengerin",2
"kyknya",2
"k…",2
"bgt",2
"gaada",2
"berat",2
"minim",2
"buka",2
"halaman",2
"cimanggi",2
"setiajaya",2
"toyota",2
"w…",2
"jember",2
"meningg",2
"moot",2
"bolehin",2
"justic",2
"mem",2
"ygletlisadoherwork",2
"presisi",2
"halo",2
"dipak",2
"mjb",2
"wkwkw",2
"cikarang",2
"jatibaru",2
"timur",2
"“",2
"dit…",2
"gout",2
"berlagak",2
"bising²",2
"geng²",2
"beempat",2
"fulli",2
"tetep",2
"ikhtiar",2
"case",2
"spike",2
"dak",2
"hat",2
"mak",2
"random",2
"ppkmdemiredakancovid",2
"ber…",2
"ibadah",2
"pesantren",2
"serentak",2
"nek",2
"penuh",2
"comment",2
"paham",2
"berbeza",2
"disyor",2
"heterolog",2
"meneruskan",2
"batu",2
"kera",2
"peliharaan",2
"pemkot",2
"rabi",2
"utamanya",2
"waspada",2
"teh",2
"laa",2
"kah",2
"mask",2
"dkt",2
"paai",2
"titik",2
"zombi",2
"korang",2
"gelar",2
"disarankan",2
"keluarkan",2
"sorang",2
"bosan",2
"rilek",2
"baruka…",2
"barukah",2
"typo",2
"point",2
"vksin",2
"tgl…",2
"ngantuk",2
"pegel",2
"ampuh",2
"jenisnya",2
"bilang",2
"penyebaran",2
"iyaa",2
"awak",2
"lolo",2
"klo",2
"konon",2
"nambahin",2
"seti…",2
"kerasa",2
"nyaa",2
"cansino",2
"pasien",2
"gabisa",2
"nake",2
"baiklah",2
"fask",2
"kasih",2
"bisaa",2
"tel…",2
"coronavirus",2
"respiratori",2
"sepei",2
"syndrom",2
"menyebabkan",2
"ttp",2
"seif…",2
"wi…",2
"ngestiharjo",2
"anticovid",2
"baharu",2
"studi",2
"aya",2
"terhitung",2
"okay",2
"dibaha",2
"jen…",2
"pejuang",2
"pelayanan",2
"diluluskan",2
"global",2
"produk",2
"khami",2
"mengkaji",2
"alhamduli…",2
"cadangan",2
"individu",2
"mengajar",2
"seramai",2
"time",2
"rakyat",2
"sain",2
"nampak",2
"darah",2
"habi",2
"dlm",2
"kese…",2
"sinc",2
"updat",2
"sampingnya",2
"hahahaha",2
"garam",2
"rst",2
"iyaaa",2
"”",2
"kek",2
"ketahui",2
"gresik",2
"koarmada",2
"sman",2
"keychain",2
"efeknya",2
"takda",2
"mmg",2
"bakteri",2
"bayangin",2
"kucinganj",2
"ilang",2
"menjalani",2
"maksim",2
"antivaxx",2
"ta…",2
"kelulusan",2
"mengambil",2
"selepa",2
"tolong",2
"kemenk",2
"bone",2
"modern",2
"pasar",2
"tanjung",2
"bangsa",2
"haram",2
"jadah",2
"tegal",2
"fasa",2
"deni",2
"laut",2
"poli",2
"sebar",2
"kedai",2
"jaya",2
"jiwa",2
"baha",2
"beliau",2
"de…",2
"bape",2
"jatireja",2
"pape",2
"perhari",2
"pucakwangi",2
"diem",2
"samaaa",2
"kejang",2
"aipda",2
"aprinandiosh",2
"binma",2
"mataram",2
"regen",2
"seputih",2
"sinova…",2
"mani",2
"raya",2
"temanteman",2
"alergi",2
"bendo",1
"joko",1
"pendampin…",1
"waliman",1
"agung",1
"ariyadi",1
"juwok",1
"kopda",1
"pendamping…",1
"kehidupan",1
"perkem…",1
"dateng",1
"jatiasih",1
"rskh",1
"temen",1
"yaaa",1
"lahhh",1
"relat",1
"sikap",1
"dior…",1
"fact",1
"discrimin",1
"mekak",1
"palatao",1
"fact…",1
"astrajuneca",1
"huihui",1
"dara…",1
"habeh",1
"jaminan",1
"ubat",1
"xkena",1
"akal",1
"ambk",1
"bab",1
"dahtp",1
"kalah",1
"kebenda",1
"merapu",1
"naya",1
"niapa",1
"oimain",1
"stay",1
"vaksinnoob",1
"against",1
"bcg",1
"mean",1
"amek…",1
"dato",1
"nazim",1
"safeti",1
"spt",1
"xnk",1
"xpelah",1
"keknya",1
"soalni",1
"s¡nvac",1
"vaksinni",1
"join",1
"terajang",1
"turun",1
"bang",1
"bercakap",1
"bingai",1
"tolak",1
"sinovaccorona",1
"vac",1
"bergaul",1
"berkurung",1
"diharapkan",1
"hidupan",1
"aikel",1
"anfivak",1
"antivaks…",1
"kapanew…",1
"penanganan",1
"percepatan",1
"tangga…",1
"same",1
"walkin",1
"nasi…",1
"berumur",1
"direkodkan",1
"peratus",1
"massenrenpulu",1
"ser…",1
"bergerak",1
"die",1
"lawak",1
"macamtu",1
"bleberan",1
"ii…",1
"suparyanta",1
"upt",1
"dibawa",1
"razia",1
"deng…",1
"kedutaan",1
"selesaikan",1
"bendungan",1
"kedawung",1
"kondusifita",1
"memonitor",1
"sukadi",1
"wujudkan",1
"bekerjadenganhati…",1
"beragamnya",1
"dihadapkan",1
"je…",1
"kerap",1
"peanyaan",1
"bekerjadenganhati",1
"terbukaitukeren",1
"ulang",1
"juang",1
"kokok",1
"nadili",1
"poleng",1
"tah…",1
"dikembangkan",1
"dkk",1
"drterawan",1
"lokal",1
"merah",1
"putih",1
"seh",1
"selatan",1
"tangerang",1
"kriteria",1
"sepei…",1
"tersedia…",1
"ambyarr",1
"iyaalaahh",1
"ntr",1
"terbiasa",1
"tmbh",1
"faksi",1
"faksi…",1
"genetik",1
"terbagi",1
"dilanjutin",1
"ase",1
"jepang",1
"via",1
"wisatawan",1
"pekanbaru",1
"dipisah",1
"publish",1
"ade",1
"ant…",1
"roadblock",1
"sepatut",1
"istirahat",1
"membaik",1
"syukur",1
"or…",1
"tambakromo",1
"bandung…",1
"puri",1
"ohya",1
"drm",1
"hassan",1
"toto",1
"bes…",1
"kipia",1
"malamnya",1
"pegal",1
"diseki…",1
"tujuannya",1
"aiptu",1
"beempat…",1
"warsita",1
"bi…",1
"divaksinasi",1
"tersed…",1
"gor",1
"jeruk",1
"kebon",1
"omdi",1
"omtapi",1
"rawamangun",1
"rawamangunsemu…",1
"peikai…",1
"samasama",1
"virusnya",1
"kabar",1
"dapetin",1
"iji…",1
"inget",1
"milih²",1
"shinopharm",1
"keatas…",1
"serviam",1
"penyelenggaraan",1
"pasokan",1
"total…",1
"dosis…",1
"oiya",1
"ngg…",1
"n…",1
"antusia",1
"beahap",1
"gotongroyong",1
"mewujudkan",1
"memilihmilih",1
"sukseskan",1
"from",1
"seneng",1
"semuga",1
"terbaik",1
"twip",1
"intinya",1
"kaan",1
"seg…",1
"shg",1
"imun…",1
"mencapai",1
"masyara…",1
"memenuhi",1
"untungnya",1
"insy…",1
"tercapai",1
"enam",1
"bar…",1
"adakan",1
"sinov…",1
"tenggulun",1
"memi…",1
"bosen",1
"hihi",1
"jelang",1
"nggaaak",1
"nggaklaaa",1
"siii",1
"adakah",1
"bcpvaksinnya",1
"yatrim",1
"ban…",1
"betung",1
"binplaz",1
"ditolak",1
"dip",1
"gagal",1
"gegara",1
"imo",1
"keliru",1
"lomba",1
"milih",1
"slogan",1
"yak",1
"kam…",1
"ngei",1
"variasi",1
"didatanginya",1
"ga…",1
"daihatsu",1
"dok…",1
"diprediksi",1
"masnya",1
"pintar",1
"tp…",1
"su…",1
"sya",1
"tercantum",1
"bunda",1
"inf…",1
"pcv",1
"akunya",1
"nyediain",1
"wkwkk",1
"berpaisipasi",1
"ginian",1
"orng",1
"cuk",1
"dll",1
"vaksinbandung…",1
"maknanya",1
"penat",1
"rehat",1
"sambung",1
"sgt",1
"tunggu…",1
"merck",1
"pil",1
"sabar",1
"terobosa…",1
"gapeduli",1
"mall",1
"ditemukan",1
"heboh…",1
"limbah",1
"obat",1
"bandun…",1
"australia",1
"mendingan",1
"teman²nya",1
"te…",1
"plindung…",1
"perdanakusuma…",1
"mslh",1
"permasalahin",1
"ribetin",1
"diora…",1
"domestik",1
"domes…",1
"kucingnya",1
"pliss",1
"ras",1
"vet",1
"merawat",1
"dikasihny…",1
"request",1
"thn",1
"cah",1
"iku",1
"opo",1
"poliklinik",1
"kitanya",1
"o…",1
"daya",1
"jaga",1
"tahan",1
"anjir",1
"dikatain",1
"kerjaan",1
"negera",1
"tercinta",1
"keparahan",1
"penyita",1
"tingkat",1
"layanan",1
"mako",1
"babelan",1
"diselenggara…",1
"bodoamat",1
"terhidar",1
"har…",1
"hormat",1
"kalangan",1
"keputusan",1
"gaaa",1
"bag",1
"didapatkan",1
"goodi",1
"hadiah",1
"kesempatan",1
"gadai",1
"nunggu",1
"pegadaian",1
"tinggal",1
"menggunaka…",1
"diikuti",1
"dikarena…",1
"kesatu",1
"bai",1
"hut",1
"intelijen",1
"memperingati",1
"menggelontorkan",1
"strategi",1
"maryadi",1
"tempursari",1
"agus",1
"budiyanto",1
"demangan",1
"melak",1
"catur",1
"gunawan",1
"margorejo",1
"masgito",1
"yusup",1
"pendaftaran…",1
"barat",1
"batulayar",1
"des…",1
"lembah",1
"sari",1
"anemia",1
"beanyaa",1
"besi",1
"defisiensi",1
"penderita",1
"zat",1
"dwi",1
"haryanto",1
"sambi",1
"nondki",1
"dibolehin…",1
"aparat",1
"daniel",1
"desa…",1
"edward",1
"karangsambung",1
"pimpinan",1
"reskrim",1
"berangkat",1
"maksudku",1
"sepupu",1
"kapolr",1
"keterangannya",1
"bajunya",1
"lengan",1
"naikin",1
"dosisnya",1
"kendari",1
"mode…",1
"sulawesi",1
"sultra",1
"tenggara",1
"komen",1
"rase…",1
"sihat",1
"suami",1
"terbaca",1
"tibe",1
"dah…",1
"asuhan",1
"psaa",1
"psbr",1
"putra",1
"utama",1
"keempat",1
"posko",1
"psi",1
"tersebu…",1
"akut…",1
"howalaah",1
"kaaak",1
"may",1
"kren",1
"berkaitan",1
"kunci",1
"peningkatan",1
"abcd",1
"diomongin",1
"happi",1
"kinda",1
"today",1
"yakin",1
"biontech",1
"kaw",1
"sudoh",1
"all",1
"cant",1
"this",1
"type",1
"didn…",1
"graph",1
"sibu",1
"disebar",1
"isteri",1
"pas…",1
"sembahyang",1
"vaksincapaikekebalankomun",1
"selisihnya",1
"penasaran",1
"sumpah",1
"kirim",1
"akeh",1
"allah",1
"bgtt",1
"deadlin",1
"gasii",1
"male",1
"mepet",1
"mumet",1
"ngerjain",1
"tugasku",1
"akur",1
"dalem",1
"perang",1
"politik",1
"semoga",1
"bole…",1
"brand",1
"contoh",1
"detect",1
"protein",1
"kne",1
"pikir",1
"syahid",1
"khawatirnya",1
"nerimanya",1
"dptnya",1
"durasinya",1
"beritabenar",1
"lulus",1
"pelbagai",1
"—",1
"ituu",1
"babun",1
"melekat",1
"section",1
"sejam",1
"bantu",1
"jawabgak",1
"kokboleh",1
"papa",1
"kdua",1
"kakak",1
"teparnya",1
"babil",1
"derak",1
"doh",1
"koho",1
"lajok",1
"leto…",1
"muka",1
"pahtu",1
"patutlaa",1
"peseng",1
"sokmooo",1
"sukati",1
"takboh",1
"sem…",1
"ngadain",1
"oran…",1
"boost",1
"immun…",1
"berai",1
"gaboleh",1
"sebaga…",1
"actual",1
"beekak",1
"colleagu",1
"india",1
"islam",1
"superv…",1
"bro",1
"blitar",1
"gerindra",1
"menggelar",1
"tersebar",1
"belom",1
"sender",1
"sinopac",1
"soll",1
"spi",1
"auto",1
"ndhurmm",1
"pengalak",1
"budi",1
"komso",1
"krebet",1
"pemantauan",1
"suwao",1
"bercampur",1
"general",1
"hidup",1
"lantak",1
"shot",1
"buruan",1
"ge…",1
"terbata",1
"alahai",1
"bebalnya",1
"f…",1
"inactiv",1
"infect",1
"natur",1
"whole",1
"ko…",1
"mako…",1
"cirebon",1
"stasiun",1
"trim",1
"wasirin",1
"himbau",1
"lanta",1
"warga…",1
"gun…",1
"lansia",1
"hmmmm",1
"rencana",1
"ajak",1
"ibli",1
"neraka",1
"penyakitsakit",1
"perangai",1
"ramailebih",1
"sora…",1
"xpeni",1
"owww",1
"terkendala",1
"air",1
"ata…",1
"baygon",1
"bentuknya",1
"cair",1
"kelapa",1
"minum",1
"kelat",1
"ore",1
"oyak",1
"sumpoh",1
"tok",1
"breakfast",1
"cafe",1
"dine…",1
"esok",1
"jom",1
"kome",1
"pesan",1
"sarapan",1
"station",1
"vaksincapaikekebalankomunal…",1
"hotlin",1
"lahluar…",1
"number",1
"reach",1
"suppo",1
"cap",1
"formulir",1
"kesana",1
"kesdam",1
"ngisi",1
"siliwangi",1
"terd…",1
"counsel",1
"ngaku",1
"staff",1
"ohhh",1
"terkahir",1
"gubernur",1
"kapsul",1
"usulk",1
"asli",1
"dahhh",1
"sakitt",1
"tulang",1
"wkwk",1
"arismawati",1
"siapkan",1
"wakil…",1
"cvid",1
"mematikan",1
"menangk",1
"himbauan",1
"atensi",1
"eka",1
"gede",1
"kaja",1
"kerobokan",1
"pratama",1
"beujuan",1
"perl…",1
"banyaknya",1
"sam…",1
"progra…",1
"ragu",1
"teman",1
"juml…",1
"bantuan",1
"aka…",1
"menahanmencadangkan",1
"skema",1
"stock",1
"dijamin",1
"efektivita",1
"zeneca",1
"oya",1
"selanju…",1
"gae",1
"teruji",1
"melindungi",1
"menghambat",1
"referensi",1
"jad…",1
"klini",1
"merk",1
"uji",1
"semalam…",1
"bekonang",1
"blk",1
"mojolaban",1
"mojolaban…",1
"sesuaii",1
"takuttt",1
"tubuhmu",1
"mestin",1
"gpppent",1
"coronavacmoderna",1
"informasivaksinasi",1
"malem",1
"abdul",1
"hadi",1
"husni",1
"icymi",1
"khusus",1
"mega",1
"pengurus",1
"wtc",1
"zaeem",1
"bentar",1
"dikandangin",1
"ngamuk",1
"nga…",1
"beka",1
"nyeri",1
"rada",1
"udahhsyukur",1
"beij",1
"johnson",1
"sputnik",1
"sput…",1
"nyaapa",1
"filipina",1
"sinopha…",1
"bilsng",1
"bedabeda",1
"enak",1
"in…",1
"karantina",1
"korea",1
"ndak",1
"bah",1
"diperbolehkan",1
"johnsonampjohnson",1
"memperbolehkan",1
"sm…",1
"digor",1
"tis",1
"adi",1
"dul…",1
"meny",1
"tawaran",1
"syukurlah",1
"belumkalau",1
"kenadont",1
"kenal",1
"sapa",1
"worri",1
"dipastiin",1
"kualita",1
"akupun",1
"dih",1
"gpp",1
"kakakku",1
"ampun",1
"dap…",1
"nyamain",1
"okaay",1
"shshs",1
"susahnya",1
"jraknya",1
"sendernya",1
"panik",1
"takaran",1
"acut",1
"east",1
"mer",1
"middl",1
"sever",1
"cor…",1
"kelompok",1
"health",1
"mendeklarasikan",1
"organ",1
"resmi",1
"world",1
"berkarya",1
"dpd",1
"suntikkan",1
"covidvaxexpo",1
"benar",1
"penggumpalan…",1
"diakui",1
"dorong",1
"pdiperjuangan",1
"rahmad",1
"moderna…",1
"adaa",1
"sukagum…",1
"kegiata…",1
"aluminium",1
"angin",1
"bendulbukan",1
"jarum",1
"selepassemua",1
"tgk",1
"kaki",1
"konspirasi",1
"lol",1
"paksa",1
"sesuka",1
"tangkap",1
"tuduh",1
"vaxxtremist",1
"dibincangkan",1
"hallo",1
"ksr",1
"ni…",1
"beba",1
"mah",1
"sesuai",1
"pasie…",1
"input",1
"beranak",1
"dp…",1
"seolaholah",1
"link…",1
"bermakna",1
"clear",1
"dijangk",1
"post",1
"domisili",1
"mengkuti…",1
"saudaraku",1
"segenap",1
"yth",1
"aparatur",1
"bersenjata",1
"binpolisi",1
"digerakkan",1
"mengawasi",1
"azri",1
"iskandar",1
"mengesahkan",1
"ogo",1
"pelakon",1
"dis…",1
"ehrlich",1
"institut",1
"kematian",1
"paul",1
"tercatat",1
"bulanan",1
"gokil",1
"kynya",1
"schedul",1
"telat",1
"berpegang",1
"kesalahan",1
"perlembagaan",1
"untk",1
"medic",1
"practit",1
"bonarjo",1
"jtrg",1
"kukira",1
"mweheheh",1
"ngelawak",1
"ohh",1
"cer",1
"eeeee",1
"flag",1
"generali",1
"konspira…",1
"microchip",1
"reason",1
"red",1
"masal…",1
"app",1
"lin…",1
"ram…",1
"bandingkan",1
"band…",1
"pekerjaan",1
"setuju",1
"lohhh",1
"pf…",1
"sblmya",1
"sejeni",1
"twitter",1
"golongan…",1
"gokar",1
"bac…",1
"diambil",1
"keberkesanan",1
"segi",1
"faktor",1
"membolehkannya",1
"status",1
"vaksinansi",1
"khami…",1
"disebabkan",1
"guruguru",1
"kela",1
"dos…",1
"sekurangkurangnya",1
"bet",1
"gila",1
"kenceng",1
"donat",1
"estimasi",1
"obatnya",1
"open",1
"thread",1
"assalammualaikumharap",1
"quarantin",1
"yng",1
"adult",1
"benarkan",1
"remain",1
"still",1
"those",1
"unvaccina…",1
"al…",1
"bayi",1
"bpolio…",1
"first",1
"hpvhipeiti",1
"vaksinbaik",1
"biolog",1
"membaca",1
"menghaf",1
"pengambi…",1
"subjek",1
"bruce",1
"superman",1
"trima",1
"wayn",1
"daftar…",1
"halodoc",1
"oooogitu",1
"yaaakirain",1
"keje",1
"kerjasama",1
"mengamuk",1
"rekod",1
"takmau",1
"ay…",1
"famili",1
"hasil",1
"kecik",1
"kepincangan",1
"prose",1
"loh",1
"reaksi",1
"seminggu",1
"berfungsi",1
"dinein…",1
"meroyan",1
"patutlah",1
"allhamdlla…",1
"sodara",1
"tinggigulakolesterolasam",1
"urat",1
"kontain",1
"kontainernya",1
"lancar",1
"ter…",1
"arief",1
"brigjen",1
"gajah",1
"mada",1
"semm",1
"malemnya",1
"gardasil",1
"terbaru",1
"creat",1
"orang…",1
"surfac",1
"blablabla",1
"jumpa",1
"kelil",1
"pegi",1
"smkn",1
"antia…",1
"bodoh",1
"daxdax",1
"hahahahah",1
"main",1
"nabi",1
"nama",1
"otak",1
"bluetooth",1
"bukak",1
"lunch",1
"nombor",1
"“dik",1
"bukann",1
"kakk",1
"camni",1
"melawan",1
"pendirian",1
"profil",1
"tuan",1
"gmn",1
"riwayat",1
"pfize…",1
"belah",1
"perut",1
"tandatangan",1
"anjurkan",1
"ehhh",1
"maksud",1
"y…",1
"cuman",1
"gejala",1
"nya…",1
"letak",1
"bisni",1
"gamblang",1
"plandemi",1
"obvious",1
"sakit…",1
"serbu",1
"bedo",1
"mbuh",1
"ngno",1
"pora",1
"wingi",1
"kasusnya",1
"kesemutankeba",1
"tergantu…",1
"wajar",1
"asma",1
"kambuh",1
"wktu",1
"campah",1
"mulut",1
"pana",1
"suhu",1
"tumbang",1
"dianjurkan",1
"dmn",1
"knapa",1
"peamanya",1
"keii",1
"sakitnya",1
"dibawah",1
"jalani",1
"sragen",1
"bener",1
"hafal",1
"dikemaskini",1
"guyyss",1
"jer",1
"kuantiti",1
"dib…",1
"kesilapan",1
"tiada",1
"wari",1
"kema…",1
"sakitlebih",1
"sinop",1
"variannya",1
"kot",1
"mundur",1
"pemikiran",1
"umur",1
"doktor",1
"camin",1
"woroworo",1
"diliat",1
"muncu…",1
"nda",1
"apo",1
"nyo",1
"lyn",1
"isusanggup",1
"menip…",1
"menunggang",1
"pengsan",1
"sebenar",1
"tuyg",1
"berjuang…",1
"hewannya",1
"keserasian",1
"tap…",1
"jadual",1
"makan…",1
"murid",1
"skm",1
"ditentukan",1
"lit",1
"vaksinnya…",1
"hooh",1
"duta",1
"gamp",1
"muhammadiyah",1
"penyuntikan",1
"pku",1
"sheila",1
"vokali",1
"zoo",1
"dihitung…",1
"full",1
"kunjungan",1
"pembatasan",1
"tamu",1
"layani",1
"maritim",1
"aih",1
"dorang",1
"cc…",1
"beanyatanya",1
"berbeda…",1
"luper",1
"im…",1
"langlangkota",1
"tulungagung",1
"perluuuu",1
"semarang",1
"get…",1
"ny…",1
"babi",1
"belagak",1
"melayu",1
"mendongak",1
"person",1
"emangnya",1
"nurul”",1
"nurul…",1
"peama”",1
"terinspirasi",1
"yau",1
"“adi",1
"“iya",1
"between",1
"differ",1
"huge",1
"one",1
"sure",1
"there",1
"thing",1
"debak",1
"kebangsaan",1
"menengah",1
"sariba",1
"smk",1
"smk…",1
"renta…",1
"ketatkan",1
"parasit",1
"peraturan",1
"arah",1
"enforc",1
"instead",1
"upk",1
"semangat",1
"denkesyah",1
"amc",1
"is…",1
"diorg",1
"huhu",1
"mcmana",1
"risau",1
"takutlah",1
"tktahu",1
"begadang",1
"masingma",1
"pilo",1
"stamina",1
"ado",1
"unsr",1
"advantag",1
"peimbangkan",1
"th…",1
"balimo…",1
"isinya",1
"tujuan…",1
"pu…",1
"weh",1
"tlg…",1
"aztrazeneca",1
"abe",1
"katokk",1
"natang",1
"nii",1
"sekor",1
"yahudi",1
"doctor",1
"golongan",1
"mudahkan",1
"nasihat",1
"that’",1
"boleeh",1
"samaa",1
"main…",1
"aft…",1
"hewannya…",1
"informasinya",1
"simak",1
"beloom",1
"dapatnya",1
"sekalinya",1
"sip",1
"tidur",1
"bersepah",1
"butoh",1
"cimon",1
"hlm",1
"mngdkan",1
"tng",1
"mengada",1
"doct",1
"takboleh",1
"lenganbadan",1
"lenguh",1
"sebarang",1
"xsalah",1
"dipaparkan",1
"asbab",1
"bangangnya",1
"perempuan",1
"sedar",1
"simpan",1
"wehh…",1
"edaran",1
"hki",1
"menggu…",1
"yeonj…",1
"yakok",1
"ketahanan",1
"hang",1
"label",1
"pastu",1
"suruh",1
"“haaa",1
"bahagia",1
"karang",1
"karangbahagia",1
"andri",1
"kodimenrekangbabinsa",1
"malaksanakan",1
"nasion",1
"comel",1
"gea…",1
"helok",1
"kene",1
"tetib",1
"youngbin",1
"panggah",1
"sing",1
"breeder",1
"kliniknya",1
"pea…",1
"dilakskan",1
"tnipolri",1
"rantau…",1
"uptd",1
"keata",1
"rsi",1
"unisma",1
"kondisi",1
"persyaratan",1
"skrin",1
"juwana",1
"pencapaian",1
"nuryadi",1
"swl",1
"cluwak",1
"wa…",1
"abang",1
"kodam",1
"i…",1
"karamil",1
"ji…",1
"abstrak",1
"frezer",1
"ngeluarin",1
"batch",1
"dosen",1
"kalo…",1
"nomor",1
"pcare",1
"ubah",1
"wta",1
"area",1
"atrazeneca",1
"gai",1
"kabupatenkota",1
"jog",1
"cmtu",1
"hak",1
"hapus",1
"mba",1
"seifikat”",1
"ti…",1
"dicek",1
"kekesalan",1
"terdaftar",1
"besarnya…",1
"dajjal",1
"duper",1
"endor",1
"frame",1
"media",1
"super",1
"tandanya",1
"iku…",1
"astrazeneca…",1
"muad",1
"complet",1
"jgk",1
"lactosefr",1
"macammacam",1
"punnn",1
"tri",1
"contohnya",1
"garang",1
"edi",1
"puskes…",1
"kaligata",1
"lamun",1
"tong",1
"waka",1
"oiyaa",1
"kronik",1
"pnyakit",1
"punca",1
"dokter",1
"humor",1
"sblmnya",1
"selul",1
"seorg",1
"spesifikadaptif",1
"twitku",1
"balai",1
"klaten",1
"pmi",1
"ayyyi",1
"lembunya",1
"mamat",1
"tweet",1
"kaka",1
"input…",1
"smp",1
"un…",1
"pelak…",1
